name,team,nationality_1,jersey_number,position_1,position_2,archetype,height_ft,weight_lb,wingspan_ft,season_salary,years_in_the_nba,birthdate,rating_overall,rating_close_shot,rating_mid_range_shot,rating_three_point_shot,rating_free_throw,rating_shot_iq,rating_speed,rating_agility,rating_strength,rating_stamina,rating_overall_durability,rating_pass_accuracy,rating_ball_handle,rating_pass_iq,rating_group_defense,rating_interior_defense,rating_perimeter_defense,rating_steal,rating_block,rating_offensive_rebound,rating_defensive_rebound
Aaron Gordon,Denver Nuggets,United States,32,PF,NA,2-Way Interior Scorer,"6'8""",235,"7'0""",22841455,11,1995-09-16,84,84,61,71,56,75,71,86,72,95,84,65,62,60,73,80,86,40,56,73,73
Aaron Holiday,Houston Rockets,United States,0,PG,SG,Perimeter Shot Creator,"6'0""",185,"6'8""",4668000,7,1996-09-30,73,95,74,82,84,85,76,77,49,85,84,82,86,82,52,34,68,46,35,34,46
Aaron Nesmith,Indiana Pacers,United States,23,SF,PF,2-Way Catch & Shoot Ace,"6'5""",215,"6'10""",11000000,5,1999-10-16,78,90,86,85,64,70,68,76,52,87,81,69,70,65,63,72,76,43,60,42,55
Aaron Wiggins,Oklahoma City Thunder,United States,21,PF,SF,Inside-Out Scoring Threat,"6'5""",190,"6'10""",10514017,4,1999-01-02,78,89,68,87,75,70,84,84,45,80,80,68,70,68,56,48,59,66,53,53,52
Adam Flagler,Oklahoma City Thunder,United States,14,SG,PG,Catch & Shoot Threat,"6'3""",180,"6'5""",NA,2,1999-12-01,67,77,77,79,81,65,72,70,47,84,87,66,69,62,45,42,57,45,30,32,37
Adama Sanogo,Chicago Bulls,Mali,21,C,PF,Rebounder,"6'9""",245,"7'3""",NA,2,2002-02-12,68,72,70,69,72,60,70,68,71,80,80,52,50,50,51,63,40,46,56,70,74
Adem Bona,Philadelphia 76ers,Nigeria,30,C,NA,Interior Threat,"6'10""",245,"7'0""",NA,1,2003-03-28,69,70,37,27,66,40,82,68,73,84,80,40,52,40,61,70,37,70,67,70,70
A.J. Green,Milwaukee Bucks,United States,20,SG,SF,Catch & Shoot Ace,"6'4""",190,"6'7""",2120693,3,1999-09-27,72,60,80,85,90,75,69,69,42,80,80,61,70,68,47,40,63,33,40,33,48
AJ Johnson,Milwaukee Bucks,United States,77,SG,PG,Mid-Range Shot Creator,"6'5""",160,"6'9""",2795294,1,2004-12-01,69,74,74,74,75,65,83,79,39,80,80,64,86,63,46,49,56,46,44,57,51
A.J. Lawson,Dallas Mavericks,Canada,9,SG,SF,Ball Hawk,"6'6""",179,"6'7""",2120693,4,2000-07-15,71,57,68,70,55,85,74,74,34,85,80,62,69,64,56,48,60,83,25,49,56
Ajay Mitchell,Oklahoma City Thunder,Belgium,25,SG,PG,3PT Shot Creator,"6'5""",190,"6'9""",NA,1,2002-06-25,68,73,73,75,85,50,83,80,53,87,80,69,79,68,52,43,64,52,45,33,44
Al Horford,Boston Celtics,Dominican Republic,42,PF,C,2-Way 3-Level Scoring Threat,"6'9""",240,"7'1""",9500000,18,1986-06-03,80,94,83,85,71,65,53,67,91,95,78,79,50,84,72,82,68,38,71,51,75
Alec Burks,Miami Heat,United States,18,SG,SF,Shot-Creating 3-Level Threat,"6'6""",214,"6'10""",2087519,14,1991-07-20,76,71,75,81,90,65,78,78,48,89,85,72,79,73,57,45,72,38,47,36,54
Alex Caruso,Oklahoma City Thunder,United States,9,SG,SF,3 & D Two Guard,"6'5""",186,"6'6""",9890000,9,1994-02-28,82,83,85,84,77,70,82,94,31,85,81,78,78,80,85,51,94,97,74,41,54
Alex Len,Sacramento Kings,Ukraine,25,C,NA,Board-Hunting Lob Threat,"7'0""",250,"7'4""",2087519,12,1993-06-16,71,88,61,70,66,50,43,50,75,80,78,31,32,45,60,70,44,40,91,76,79
Alexandre Sarr,Washington Wizards,France,20,PF,C,Rim Attacker,"7'1""",205,"7'5""",11245680,1,2005-04-26,75,73,71,71,61,60,73,72,67,80,80,65,73,66,75,75,72,62,83,64,65
Alperen Sengun,Houston Rockets,Turkey,28,C,NA,Inside the Arc Threat,"6'11""",243,"7'2""",5424654,4,2002-07-25,85,97,80,72,67,80,52,64,86,88,80,74,62,78,66,69,63,53,61,68,80
Amen Thompson,Houston Rockets,United States,1,SG,SF,2-Way Rim Attacker,"6'7""",200,"7'0""",9249960,2,2003-01-30,80,86,71,42,64,45,95,90,50,95,80,80,86,80,71,46,80,83,65,76,77
Amir Coffey,Los Angeles Clippers,United States,7,SF,SG,Shot-Creating 3-Level Threat,"6'7""",210,"6'8""",3938271,6,1997-06-17,73,93,82,82,78,60,75,75,52,80,79,72,75,74,55,47,64,42,47,36,47
Andre Drummond,Philadelphia 76ers,United States,5,C,NA,Paint Beast,"6'11""",279,"7'6""",5000000,13,1993-08-10,78,85,47,47,60,40,60,58,95,89,81,52,45,70,72,77,52,83,75,97,98
Andre Jackson Jr.,Milwaukee Bucks,United States,44,SF,PG,Wing Stopper,"6'6""",209,"6'10""",1891857,2,2001-11-13,72,70,68,80,70,50,87,87,50,90,80,69,69,64,63,53,80,42,25,66,58
Andrew Nembhard,Indiana Pacers,Canada,2,SG,PG,2-Way 3-Level Shot Creator,"6'4""",191,"6'6""",2019699,3,2000-01-16,81,94,95,79,79,70,76,81,46,85,80,80,79,80,66,68,80,53,32,36,42
Andrew Wiggins,Golden State Warriors,Canada,22,SF,PF,Inside-Out Shot Creator,"6'7""",197,"7'0""",26276786,11,1995-02-23,78,92,72,80,61,70,82,82,57,87,83,62,79,60,61,55,74,38,58,56,54
Anfernee Simons,Portland Trail Blazers,United States,1,SG,PG,Inside-Out ISO Specialist,"6'3""",181,"6'9""",25892857,7,1999-06-08,81,84,79,82,95,60,86,89,41,92,80,78,86,79,45,49,59,33,32,32,52
Anthony Black,Orlando Magic,United States,0,PG,SG,Inside-Out Scoring Threat,"6'7""",200,"6'8""",7607760,2,2004-01-20,74,78,65,83,57,98,75,78,58,92,80,80,86,77,60,43,75,43,56,41,52
Anthony Davis,Los Angeles Lakers,United States,3,C,PF,Slashing Paint Beast,"6'10""",253,"7'6""",43219440,13,1993-03-11,94,93,79,70,82,98,79,78,92,97,80,60,75,72,84,95,80,46,87,72,90
Anthony Edwards,Minnesota Timberwolves,United States,5,SG,SF,2-Way Scoring Phenom,"6'4""",225,"6'9""",42176400,5,2001-08-05,93,95,87,86,85,75,91,90,62,97,83,74,86,79,72,59,87,53,52,36,63
Anthony Gill,Washington Wizards,United States,16,PF,C,Interior Threat,"6'8""",230,"7'0""",NA,9,1992-10-17,72,84,72,65,76,70,69,67,60,80,80,38,54,55,55,66,60,41,58,65,59
Anton Watson,Boston Celtics,United States,28,PF,SF,Promising Prospect,"6'8""",228,"7'0""",NA,1,2000-10-06,68,73,69,70,65,60,65,65,60,80,80,54,54,55,53,60,60,49,42,60,58
Antonio Reeves,New Orleans Pelicans,United States,12,SG,SF,Catch & Shoot Threat,"6'3""",195,"6'7""",NA,1,2000-11-20,68,73,79,78,84,60,83,78,39,85,80,62,70,62,47,32,60,46,51,41,47
Anzejs Pasecniks,Milwaukee Bucks,Latvia,18,C,NA,Interior Threat,"7'1""",229,"7'5""",NA,8,1995-12-20,73,89,67,54,56,70,45,52,68,85,80,33,32,52,55,69,40,36,66,71,67
Ariel Hukporti,New York Knicks,Germany,55,C,PF,Board Hunter,"7'0""",250,"7'3""",NA,1,2002-04-12,68,63,57,47,61,50,47,37,68,80,82,43,45,44,51,60,37,28,90,82,78
Ausar Thompson,Detroit Pistons,United States,9,SF,PF,2-Way Rim Attacker,"6'6""",205,"7'0""",8376000,2,2003-01-30,78,94,63,45,69,40,94,90,50,95,80,75,83,75,78,69,84,73,72,67,75
Austin Reaves,Los Angeles Lakers,United States,15,SG,PG,Balanced Two Guard,"6'5""",197,"6'6""",12976362,4,1998-05-29,81,96,83,81,86,70,83,83,44,85,80,70,73,74,57,35,73,40,45,37,54
Ayo Dosunmu,Chicago Bulls,United States,12,SG,PG,Shot-Creating 3-Level Threat,"6'5""",200,"6'10""",7000000,4,2000-01-17,78,88,91,84,71,85,76,78,52,85,80,72,79,79,58,38,69,43,56,38,45
Bam Adebayo,Miami Heat,United States,13,C,NA,Paint Beast,"6'9""",255,"7'3""",34848340,8,1997-07-18,88,97,70,71,81,60,74,84,85,92,90,72,69,74,88,94,88,79,84,74,89
Baylor Scheierman,Boston Celtics,United States,55,SG,SF,Perimeter Shot Creator,"6'7""",205,"6'11""",2494320,1,2000-09-26,69,73,80,83,85,60,86,64,54,90,80,70,71,69,49,47,56,47,50,41,59
Ben Sheppard,Indiana Pacers,United States,26,SG,SF,Defensive Menace,"6'6""",190,"6'8""",2663880,2,2001-07-16,71,78,78,74,70,60,84,84,54,85,80,70,73,70,65,54,79,66,30,35,50
Ben Simmons,Brooklyn Nets,Australia,10,PG,C,2-Way Rim Attacker,"6'10""",240,"7'0""",40338144,9,1996-07-20,76,75,46,50,44,50,87,87,80,80,83,79,86,80,73,79,82,46,65,68,88
Bennedict Mathurin,Indiana Pacers,Canada,00,SF,SF,Shot-Creating 3-Level Threat,"6'5""",210,"6'9""",7245720,3,2002-06-19,80,82,84,82,84,50,84,84,54,92,80,75,79,82,52,42,69,37,42,47,57
Bilal Coulibaly,Washington Wizards,France,0,SG,SF,Versatile Stopper,"6'8""",195,"7'2""",6945240,2,2004-07-26,77,66,48,78,63,95,82,85,63,92,80,68,69,62,73,67,80,70,62,41,57
Blake Wesley,San Antonio Spurs,United States,14,PG,SG,Rim Attacker,"6'3""",185,"6'9""",2624280,3,2003-03-16,72,79,60,67,59,70,78,78,40,92,80,69,83,68,55,49,71,46,47,36,48
Bobby Portis,Milwaukee Bucks,United States,9,PF,C,3-Level Scoring Threat,"6'10""",250,"7'2""",12578286,10,1995-02-10,80,94,85,84,81,55,65,64,80,85,84,55,52,52,60,78,40,46,53,64,86
Bobi Klintman,Detroit Pistons,Sweden,34,PF,SF,Promising Prospect,"6'10""",225,"7'0""",NA,1,2003-03-06,69,68,70,74,80,60,75,68,55,90,80,68,70,68,60,57,64,62,57,41,51
Bogdan Bogdanovic,Atlanta Hawks,Serbia,13,SG,SF,Sharpshooter,"6'5""",225,"6'11""",17260000,11,1992-08-18,79,94,89,82,92,60,75,75,63,89,77,74,79,79,56,51,63,56,50,36,50
Bojan Bogdanovic,Brooklyn Nets,Croatia,44,SF,PF,Sharpshooting Wing,"6'7""",226,"6'11""",19032850,14,1989-04-18,77,92,90,83,77,60,67,72,60,93,84,77,74,82,57,54,72,37,32,33,50
Bol Bol,Phoenix Suns,South Sudan,11,PF,C,3-Level Scoring Threat,"7'3""",220,"7'8""",NA,6,1999-11-16,75,95,82,79,76,70,68,68,65,80,77,50,70,40,57,72,52,37,83,65,85
Bradley Beal,Phoenix Suns,United States,3,SG,PG,Walking Bucket,"6'4""",207,"6'8""",50203930,13,1993-06-28,85,88,86,87,71,70,76,83,62,98,82,82,88,85,55,45,66,42,52,42,52
Brandin Podziemski,Golden State Warriors,United States,2,SG,PG,Inside-Out Shot Creator,"6'4""",205,"6'6""",3519960,2,2003-02-25,79,87,68,82,65,98,82,82,54,89,80,69,80,68,53,45,63,43,40,57,67
Brandon Boston Jr.,San Antonio Spurs,United States,4,SF,SG,Mid-Range Threat,"6'6""",188,"6'11""",NA,4,2001-11-28,72,78,74,67,76,75,79,83,50,80,83,64,76,66,50,49,62,46,61,57,51
Brandon Clarke,Memphis Grizzlies,Canada,15,C,PF,2-Way Inside-The-Arc Threat,"6'8""",215,"6'8""",12500000,6,1996-09-19,77,97,86,57,72,45,84,83,64,90,80,59,69,62,73,78,75,53,81,71,75
Brandon Ingram,New Orleans Pelicans,United States,14,SF,PF,Mid-Range Slasher,"6'8""",190,"7'3""",36016200,9,1997-09-02,85,94,93,78,80,60,74,74,42,95,85,75,85,79,59,61,69,40,58,36,62
Brandon Miller,Charlotte Hornets,United States,24,SF,SG,Shot-Creating 3-Level Threat,"6'7""",200,"7'1""",11424600,2,2002-11-22,81,82,91,81,83,70,78,82,51,95,80,75,86,75,60,50,73,42,56,38,56
Brandon Williams,Dallas Mavericks,United States,00,PG,SG,Steady Playmaker,"6'1""",190,"6'6""",NA,4,1999-11-22,70,77,77,67,82,65,79,79,62,89,81,75,79,79,51,33,62,53,55,40,49
Brice Sensabaugh,Utah Jazz,United States,8,SF,SG,Mid-Range Shot Creator,"6'5""",235,"6'7""",2571480,2,2003-10-30,72,91,84,73,83,60,65,67,64,88,79,65,74,63,48,50,55,38,47,40,66
Bronny James,Los Angeles Lakers,United States,9,SG,PG,Rim Attacker,"6'3""",190,"6'7""",NA,1,2004-10-06,68,69,63,69,68,50,87,87,60,90,80,67,70,65,59,47,72,57,44,42,50
Brook Lopez,Milwaukee Bucks,United States,11,C,NA,2-Way 3-Level Scoring Threat,"7'1""",282,"7'6""",23000000,17,1988-04-01,80,84,94,80,81,60,25,60,89,92,79,35,35,78,75,89,45,36,90,52,58
Bruce Brown,Toronto Raptors,United States,11,PG,SG,Perimeter Threat,"6'4""",202,"6'9""",23000000,7,1996-08-15,77,88,86,75,80,85,78,78,75,92,84,79,79,87,63,58,77,43,45,40,61
Bruno Fernando,Toronto Raptors,Angola,24,C,NA,Board-Hunting Lob Threat,"6'9""",240,"7'3""",NA,6,1998-08-15,71,77,65,42,70,25,74,74,85,85,80,52,50,65,58,64,44,53,76,77,81
Bryce McGowens,Portland Trail Blazers,United States,7,SF,SG,Shot-Creating 3-Level Threat,"6'6""",175,"6'9""",NA,3,2002-11-08,71,87,79,77,73,55,74,75,48,85,80,52,74,50,55,37,66,40,51,35,52
Bub Carrington,Washington Wizards,United States,8,PG,SG,Perimeter Shot Creator,"6'5""",180,"6'9""",4454880,1,2005-07-21,70,76,84,75,78,60,82,72,54,89,80,72,82,72,45,40,55,43,37,37,51
Buddy Hield,Golden State Warriors,Bahamas,7,SG,SF,Perimeter Shot Creator,"6'4""",220,"6'9""",8780488,9,1992-12-17,79,88,80,88,82,55,75,78,41,90,82,70,79,70,55,48,69,46,56,40,52
Cade Cunningham,Detroit Pistons,United States,2,PG,SG,Shot-Creating 3-Level Threat,"6'6""",220,"7'0""",13940809,4,2001-09-25,86,85,92,82,88,70,83,83,62,94,80,67,86,84,64,59,75,41,47,33,57
Caleb Houstan,Orlando Magic,Canada,2,SG,SF,3 & D Threat,"6'8""",205,"7'0""",2019699,3,2003-01-09,72,74,76,81,78,70,78,82,40,86,80,62,70,65,61,47,80,36,37,45,45
Caleb Martin,Philadelphia 76ers,United States,16,PF,SF,Inside-Out Scoring Threat,"6'5""",210,"6'10""",8149001,6,1995-09-28,76,91,70,80,66,70,68,74,58,85,80,62,69,69,65,68,75,41,56,48,60
Cam Christie,Los Angeles Clippers,United States,12,SG,PG,Catch & Shoot Threat,"6'6""",190,"6'10""",NA,1,2005-07-24,68,67,79,80,79,50,87,82,42,86,80,68,70,68,48,47,62,39,30,42,48
Cam Spencer,Memphis Grizzlies,United States,24,SG,SF,Catch & Shoot Ace,"6'4""",207,"6'8""",NA,1,2000-04-06,68,68,79,82,90,60,73,73,45,85,80,67,66,67,49,44,59,49,44,47,51
Cameron Johnson,Brooklyn Nets,United States,2,PF,SF,Stretch Four,"6'8""",210,"6'10""",22500000,6,1996-03-03,79,77,81,83,82,70,70,70,60,85,78,59,59,66,60,65,69,43,45,43,60
Cameron Payne,New York Knicks,United States,1,PG,NA,3-Level Scoring Threat,"6'3""",183,"6'7""",2087519,10,1994-08-08,75,89,90,83,85,60,75,75,39,82,84,75,86,79,46,31,60,46,45,34,45
Cam Reddish,Los Angeles Lakers,United States,5,SG,SF,Defensive Menace,"6'7""",217,"7'1""",2463946,6,1999-09-01,73,62,60,77,85,45,85,85,52,90,80,68,81,69,71,55,79,78,51,41,44
Cam Thomas,Brooklyn Nets,United States,24,SG,SF,3-Level Scoring Threat,"6'3""",210,"6'7""",4041249,4,2001-10-13,81,88,82,81,84,70,77,77,54,86,80,59,82,52,48,41,59,38,42,32,50
Cam Whitmore,Houston Rockets,United States,7,SF,PF,Shot-Creating 3-Level Threat,"6'7""",230,"6'9""",3379080,2,2004-07-08,78,86,83,79,70,65,84,84,68,88,80,68,86,69,56,57,67,49,57,51,67
Caris LeVert,Cleveland Cavaliers,United States,3,SG,SF,Inside-Out Shot Creator,"6'6""",205,"6'10""",16615384,9,1994-08-25,77,78,71,75,74,70,75,77,54,92,78,75,86,84,61,45,74,56,56,36,60
Cason Wallace,Oklahoma City Thunder,United States,22,PG,SG,2-Way 3-Level Scoring Threat,"6'3""",195,"6'9""",5555880,2,2003-11-07,76,82,81,85,76,75,75,87,55,90,80,75,78,75,69,48,81,66,60,42,46
Charles Bassey,San Antonio Spurs,United States,28,C,NA,Board-Hunting Paint Protector,"6'10""",230,"7'3""",2087519,4,2000-10-28,73,83,69,62,60,40,77,77,69,80,80,35,42,48,64,69,57,53,88,79,90
Charles Brown Jr.,Charlotte Hornets,United States,44,SF,SG,Perimeter Shot Creator,"6'6""",199,"6'7""",NA,6,1997-02-02,68,75,76,79,82,55,73,73,55,80,83,62,77,60,51,40,65,51,60,67,52
Chet Holmgren,Oklahoma City Thunder,United States,7,C,PF,2-Way 3-Level Scoring Threat,"7'1""",195,"7'6""",10880640,3,2002-05-01,87,97,86,83,87,80,75,75,45,87,80,60,65,59,78,90,75,38,92,64,83
Chris Boucher,Toronto Raptors,Saint Lucia,25,C,PF,Inside-Out Scoring Threat,"6'9""",200,"7'4""",10810000,8,1993-01-11,74,82,71,76,78,55,57,55,80,89,77,33,41,59,59,76,37,38,72,68,81
Chris Duarte,Chicago Bulls,Canada,27,SF,SG,3 & D Threat,"6'5""",190,"6'7""",5893768,4,1997-06-13,72,73,53,79,79,50,65,68,59,92,80,77,75,78,61,50,69,56,50,45,57
Chris Livingston,Milwaukee Bucks,United States,7,PF,SF,Interior Threat,"6'6""",220,"6'11""",1891857,2,2003-10-15,69,76,68,70,72,60,80,80,54,85,80,65,69,52,52,52,64,47,48,52,51
Chris Paul,San Antonio Spurs,United States,3,PG,NA,2-Way 3-Level Playmaker,"6'0""",175,"6'4""",10460000,20,1985-05-06,81,97,79,82,91,85,80,81,62,80,77,87,87,87,68,61,81,66,35,31,62
Christian Braun,Denver Nuggets,United States,0,SF,SG,Catch & Shoot Ace,"6'6""",220,"6'7""",3089640,3,2001-04-17,76,67,56,82,76,75,83,83,46,93,80,69,69,68,65,40,79,41,57,52,63
Christian Koloko,Los Angeles Lakers,Cameroon,35,C,NA,Paint Protector,"7'0""",230,"7'5""",NA,3,2000-06-20,72,65,60,29,63,75,72,72,59,80,80,37,42,52,62,75,37,41,89,75,59
Christian Wood,Los Angeles Lakers,United States,35,C,PF,Interior Threat,"6'9""",214,"7'3""",3036040,10,1995-09-27,74,82,71,73,77,25,56,62,74,93,83,30,60,40,59,60,60,35,72,51,87
C.J. McCollum,New Orleans Pelicans,United States,3,PG,SG,Inside-Out ISO Specialist,"6'3""",190,"6'6""",33333333,12,1991-09-19,84,97,85,86,83,85,82,84,60,98,80,78,86,82,56,35,70,42,58,35,56
Clint Capela,Atlanta Hawks,Switzerland,15,C,NA,Paint Beast,"6'10""",256,"7'5""",22265280,11,1994-05-18,80,86,50,25,64,70,58,60,85,92,83,34,48,35,71,84,53,38,85,96,88
Coby White,Chicago Bulls,United States,0,PG,SG,Inside-Out ISO Specialist,"6'5""",195,"6'5""",12000000,6,2000-02-16,81,82,72,81,82,70,85,85,56,90,80,79,86,84,53,49,64,36,40,33,56
Cody Martin,Charlotte Hornets,United States,11,SG,SF,Inside-Out Shot Creator,"6'6""",205,"6'10""",8120000,6,1995-09-28,76,75,42,78,73,75,68,72,58,90,80,74,73,78,62,48,69,59,58,39,58
Cody Williams,Utah Jazz,United States,5,SF,PF,Rim Attacker,"6'8""",180,"7'0""",5469120,1,2004-11-20,71,72,66,72,72,55,87,86,51,90,80,63,82,63,64,55,73,67,65,41,44
Cody Zeller,Atlanta Hawks,United States,40,C,NA,Board Hunter,"6'11""",240,"6'9""",3500000,12,1992-10-05,73,80,70,38,69,60,70,54,75,89,84,68,40,64,53,60,37,36,47,79,77
Colby Jones,Sacramento Kings,United States,20,SG,SF,Perimeter Defender,"6'6""",207,"6'8""",2120693,2,2002-05-28,71,93,68,62,67,75,74,75,48,90,80,67,68,70,54,49,71,70,37,59,60
Cole Anthony,Orlando Magic,United States,50,PG,SG,Balanced Point,"6'2""",185,"6'5""",12900000,5,2000-05-15,78,92,74,77,84,60,84,84,59,88,98,82,84,82,53,45,69,49,58,45,66
Cole Swider,Indiana Pacers,United States,21,PF,NA,Stretch Four,"6'8""",220,"6'8""",NA,3,1999-05-08,67,70,72,76,80,50,52,52,54,85,80,55,42,59,53,75,42,37,35,44,51
Colin Castleton,Los Angeles Lakers,United States,14,C,NA,Promising Prospect,"6'10""",250,"7'2""",NA,2,2000-05-25,68,73,64,40,73,50,58,54,63,80,80,50,57,60,52,62,32,32,70,64,65
Collin Gillespie,Phoenix Suns,United States,12,PG,NA,Perimeter Threat,"6'1""",195,"6'4""",NA,3,1999-06-25,69,74,75,82,87,50,82,82,33,85,80,79,77,75,52,33,62,38,56,27,53
Collin Sexton,Utah Jazz,United States,2,SG,PG,Shot-Creating 3-Level Threat,"6'3""",190,"6'7""",18350000,7,1999-01-04,80,88,82,84,88,60,88,88,58,95,81,75,86,75,55,45,67,42,45,43,42
Corey Kispert,Washington Wizards,United States,24,SG,SF,Catch & Shoot Ace,"6'6""",224,"6'7""",5705887,4,1999-03-03,78,94,89,83,75,90,76,76,60,84,80,66,71,69,57,54,70,36,40,32,50
Cory Joseph,Orlando Magic,Canada,9,PG,SG,Perimeter Threat,"6'2""",200,"6'6""",3303771,14,1991-08-20,72,88,75,82,79,70,72,80,40,88,84,80,84,80,58,54,75,38,50,31,41
Craig Porter,Cleveland Cavaliers,United States,9,PG,NA,Perimeter Threat,"6'1""",180,"6'5""",1891857,2,2000-02-26,72,93,86,79,69,65,79,79,48,88,80,75,73,75,57,44,68,46,61,43,63
Daishen Nix,Minnesota Timberwolves,United States,12,PG,SG,Steady Playmaker,"6'5""",224,"6'7""",NA,4,2002-02-13,70,74,60,74,67,65,90,86,63,80,80,72,75,74,48,37,60,46,42,35,49
Dalano Banton,Portland Trail Blazers,Canada,5,SG,PG,Steady Combo Guard,"6'7""",204,"6'10""",2196970,4,1999-11-07,75,78,72,73,71,70,76,76,66,80,80,78,76,79,56,40,68,46,56,46,64
Dalen Terry,Chicago Bulls,United States,25,SG,SF,Rim Attacker,"6'7""",195,"7'1""",3510480,3,2002-07-12,73,87,72,70,67,70,76,76,58,85,80,76,80,78,63,43,69,59,67,48,61
Dalton Knecht,Los Angeles Lakers,United States,4,SF,SG,Catch & Shoot Ace,"6'6""",204,"6'10""",3819120,1,2001-04-19,71,76,79,83,77,60,86,59,50,90,80,64,68,65,48,50,59,37,40,32,50
Damian Lillard,Milwaukee Bucks,United States,0,PG,NA,Offensive Architect,"6'2""",195,"6'8""",48787676,13,1990-07-15,89,72,88,85,92,80,87,87,63,97,98,92,95,93,56,31,69,41,40,33,54
Damion Lee,Phoenix Suns,United States,10,SG,SF,Catch & Shoot Ace,"6'6""",210,"6'8""",2087519,9,1992-10-21,74,78,76,85,90,85,68,74,55,80,79,62,70,57,50,57,60,37,35,38,61
D’Angelo Russell,Los Angeles Lakers,United States,1,PG,NA,3-Level Scoring Playmaker,"6'3""",193,"6'10""",18692307,10,1996-02-23,81,83,81,83,80,70,81,81,54,93,83,87,90,88,54,40,65,41,52,31,47
Daniel Gafford,Dallas Mavericks,United States,21,C,NA,Paint Beast,"6'10""",234,"7'2""",13394160,6,1998-10-01,81,97,65,29,69,75,75,70,73,80,80,37,35,37,71,83,57,49,92,77,81
Daniel Theis,New Orleans Pelicans,Germany,10,C,NA,2-Way 3-Level Scoring Threat,"6'8""",245,"7'0""",2087519,12,1992-04-04,74,88,76,80,70,65,57,67,82,90,65,69,49,54,67,79,53,37,82,69,68
Dante Exum,Dallas Mavericks,Australia,0,SF,SG,3PT Shot Creator,"6'5""",214,"6'10""",3150000,11,1995-07-13,75,85,73,86,70,70,79,82,48,80,83,75,75,77,57,27,76,37,35,37,56
DaQuan Jeffries,Charlotte Hornets,United States,21,SF,SG,Mid-Range Scoring Threat,"6'5""",222,"6'11""",2463946,6,1997-08-30,70,60,75,66,76,50,79,79,57,80,80,55,70,53,50,54,58,42,57,45,54
Dario Saric,Denver Nuggets,Croatia,20,PF,C,Inside-Out Scoring Threat,"6'10""",225,"6'10""",5168000,11,1994-04-08,76,93,71,81,83,50,63,69,65,82,81,75,69,84,63,80,66,43,45,62,79
Dariq Whitehead,Brooklyn Nets,United States,0,SF,SG,Shot-Creating 3-Level Threat,"6'6""",220,"6'10""",3114240,2,2004-08-01,71,77,76,79,79,60,79,79,52,90,77,67,78,66,57,40,65,64,52,37,48
Darius Garland,Cleveland Cavaliers,United States,10,PG,SG,Offensive Architect,"6'1""",192,"6'5""",36725670,6,2000-01-26,82,88,86,82,84,65,88,88,40,95,80,92,89,95,53,31,69,56,32,34,42
DaRon Holmes II,Denver Nuggets,United States,14,PF,C,Stretch Four,"6'10""",235,"7'1""",3065640,1,2002-08-15,71,77,76,75,70,50,75,69,60,88,80,49,60,50,66,76,63,59,73,60,68
David Duke Jr.,San Antonio Spurs,United States,11,SG,SF,Secondary Ball-Handler,"6'4""",204,"6'8""",NA,4,1999-10-13,69,68,73,69,79,70,83,83,55,80,83,62,73,60,46,40,60,63,35,52,46
David Roddy,Atlanta Hawks,United States,28,SF,PF,Promising Prospect,"6'4""",255,"7'0""",2847240,3,2001-03-27,73,72,72,71,71,70,75,74,73,88,80,62,66,60,57,64,65,38,47,48,64
Davion Mitchell,Toronto Raptors,United States,45,PG,SG,2-Way Perimeter Shot Creator,"6'0""",202,"6'4""",6451077,4,1998-09-05,72,90,81,80,81,25,82,88,60,90,80,74,86,74,64,44,87,33,30,34,44
Day’Ron Sharpe,Brooklyn Nets,United States,20,C,NA,Board-Hunting Paint Protector,"6'9""",265,"7'0""",3989122,4,2001-11-06,74,79,49,48,61,50,61,61,79,80,80,62,58,66,62,69,60,41,81,93,89
De’Aaron Fox,Sacramento Kings,United States,5,PG,NA,2-Way 3-Level Playmaker,"6'3""",185,"6'7""",34848340,8,1997-12-20,88,97,88,80,73,80,97,93,46,96,80,85,88,88,71,34,84,83,51,38,54
Dean Wade,Cleveland Cavaliers,United States,32,PF,SF,Stretch Four,"6'9""",228,"6'10""",6166667,6,1996-11-20,72,78,70,83,65,70,62,68,60,80,79,38,60,55,61,50,67,56,55,43,70
Deandre Ayton,Portland Trail Blazers,Bahamas,2,C,NA,Inside The Arc Board Hunter,"7'0""",250,"7'6""",34005126,7,1998-07-23,83,96,92,59,80,75,75,65,85,90,81,53,61,70,63,78,49,43,61,72,90
De’Andre Hunter,Atlanta Hawks,United States,12,PF,SF,2-Way Stretch Four,"6'8""",221,"7'2""",21696429,6,1997-12-02,79,91,80,83,91,70,76,83,65,90,80,67,70,64,64,63,83,38,47,34,57
DeAndre Jordan,Denver Nuggets,United States,6,C,NA,Board-Hunting Paint Protector,"6'11""",265,"7'6""",NA,17,1988-07-21,74,74,25,25,36,75,65,62,85,92,94,25,30,66,59,70,57,40,72,91,90
De’Anthony Melton,Golden State Warriors,United States,8,SG,PG,Defensive Menace,"6'3""",200,"6'9""",12822000,7,1998-05-28,77,74,60,81,81,70,76,76,44,80,83,78,83,75,76,48,84,86,53,40,55
Dejounte Murray,New Orleans Pelicans,United States,5,SG,PG,2-Way 3-Level Combo Guard,"6'5""",180,"6'10""",25499599,9,1996-09-19,86,95,96,80,86,80,83,85,40,90,80,85,88,84,73,53,85,74,45,36,62
Delon Wright,Milwaukee Bucks,United States,55,PG,SG,Defensive Menace,"6'5""",185,"6'8""",2087519,10,1992-04-26,75,69,68,80,85,60,73,84,58,90,84,80,86,75,75,49,84,96,52,38,50
DeMar DeRozan,Sacramento Kings,United States,10,SF,PF,Shot-Creating 3-Level Threat,"6'6""",220,"6'9""",23400000,16,1989-08-07,87,96,93,76,82,80,82,82,73,88,91,73,83,75,59,50,70,43,55,33,53
Deni Avdija,Portland Trail Blazers,Israel,8,SF,PF,2-Way Inside-Out Shot Creator,"6'9""",210,"6'9""",15625000,5,2001-01-03,80,84,66,83,84,70,73,79,65,89,84,79,78,79,67,62,80,40,52,44,81
Dennis Schroder,Brooklyn Nets,Germany,17,PG,SG,Shot-Creating 3-Level Threat,"6'1""",172,"6'8""",13025250,12,1993-09-15,78,79,86,81,87,75,84,88,46,93,80,82,86,80,55,34,73,40,40,33,47
Dereck Lively II,Dallas Mavericks,United States,2,C,NA,Paint Beast,"7'1""",230,"7'7""",5014560,2,2004-02-12,81,95,60,52,59,80,50,57,70,80,80,69,52,68,65,78,57,41,85,77,77
Derrick Jones Jr.,Los Angeles Clippers,United States,55,SF,PF,High Flyer,"6'6""",210,"7'0""",9523810,9,1997-02-15,77,93,68,77,74,60,77,79,59,83,78,65,68,54,68,67,79,42,65,50,50
Derrick White,Boston Celtics,United States,9,SG,PG,2-Way 3-Level Combo Guard,"6'4""",190,"6'8""",20071429,8,1994-07-02,86,94,84,85,89,85,88,93,46,85,81,88,86,82,81,58,93,81,72,36,53
Desmond Bane,Memphis Grizzlies,United States,22,SG,SF,2-Way 3-Level Shot Creator,"6'5""",215,"6'4""",34005250,5,1995-06-25,83,80,85,88,86,50,74,80,56,92,78,80,82,80,67,59,80,43,53,37,54
Devin Booker,Phoenix Suns,United States,1,PG,SG,Offensive Architect,"6'6""",206,"6'8""",49205800,10,1996-10-30,93,97,94,87,91,80,83,80,59,95,81,95,93,96,63,58,77,40,50,38,52
Devin Carter,Sacramento Kings,United States,22,PG,SF,Rim Attacker,"6'3""",195,"6'7""",4689000,1,2002-03-18,71,74,67,73,74,50,98,89,60,92,80,79,79,79,62,58,73,55,55,47,60
Devin Vassell,San Antonio Spurs,United States,24,SG,SF,2-Way Perimeter Shot Creator,"6'5""",200,"6'10""",29347826,5,2000-08-23,81,95,91,81,79,50,72,83,60,89,82,76,82,79,68,62,83,43,45,31,53
Devonte’ Graham,Portland Trail Blazers,United States,3,PG,SG,Inside the Arc Shot Creator,"6'1""",195,"6'6""",2850000,7,1995-02-22,72,74,76,72,75,70,82,82,34,95,83,82,86,83,52,30,70,42,37,33,52
Dillon Brooks,Houston Rockets,Canada,9,SF,PF,2-Way Perimeter Shot Creator,"6'6""",225,"6'6""",22255493,8,1996-01-22,79,76,86,79,84,50,75,91,65,88,85,59,74,58,74,67,91,58,35,37,48
Dillon Jones,Oklahoma City Thunder,United States,3,PF,SF,Perimeter Defender,"6'6""",235,"6'10""",2622360,1,2001-10-29,69,72,70,72,80,50,75,82,70,85,80,68,70,69,59,67,69,60,37,62,64
D.J. Carton,Toronto Raptors,United States,3,PG,NA,3PT Threat,"6'3""",200,"6'7""",NA,4,2000-08-05,68,75,73,79,78,50,82,80,49,85,80,75,79,63,49,45,66,45,30,40,43
Domantas Sabonis,Sacramento Kings,Lithuania,11,C,NA,3-Level Scoring Playmaker,"6'10""",240,"6'11""",40500000,9,1996-05-03,88,97,81,81,73,85,48,49,82,95,86,82,60,85,55,70,49,40,55,84,94
Dominick Barlow,Atlanta Hawks,United States,26,C,PF,Rebounder,"6'9""",215,"7'1""",NA,3,2003-05-26,70,84,73,72,72,55,68,68,62,80,80,51,69,52,50,50,47,42,67,77,69
Donovan Clingan,Portland Trail Blazers,United States,23,C,NA,Paint Protector,"7'3""",265,"7'7""",6836400,1,2004-02-23,73,72,59,42,57,60,44,45,72,82,80,55,46,62,67,77,49,50,83,68,76
Donovan Mitchell,Cleveland Cavaliers,United States,45,SG,PG,Offensive Architect,"6'3""",215,"6'10""",35410310,8,1996-09-07,92,88,94,85,88,80,95,90,60,96,80,84,90,92,73,68,75,80,53,38,59
Donte DiVincenzo,Minnesota Timberwolves,United States,0,SG,SF,3 & D Two Guard,"6'4""",203,"6'6""",11445000,7,1997-01-31,80,88,81,84,72,80,87,87,60,90,81,77,79,74,74,58,82,70,53,40,52
Dorian Finney-Smith,Brooklyn Nets,United States,28,PF,C,2-Way Inside-Out Threat,"6'7""",220,"7'0""",14924167,9,1993-05-04,76,70,71,79,76,90,67,82,62,80,81,65,60,68,68,72,83,42,57,55,55
Draymond Green,Golden State Warriors,United States,23,PF,C,2-Way Stretch Point Four,"6'6""",230,"7'1""",24107143,13,1990-03-04,83,94,61,80,83,55,73,82,85,85,88,83,78,92,81,88,86,53,68,52,83
Drew Eubanks,Utah Jazz,United States,15,C,NA,Interior Threat,"6'10""",245,"7'0""",NA,7,1997-02-01,74,92,73,54,86,88,61,62,68,80,83,42,37,55,54,60,47,38,82,72,76
Drew  Peterson,Boston Celtics,United States,13,SF,PF,Catch & Shoot Threat,"6'9""",205,"7'1""",NA,2,1999-11-09,70,70,74,79,75,50,59,58,62,85,80,69,68,68,45,52,43,40,42,58,59
Dru Smith,Miami Heat,United States,12,PG,SG,Ball Hawk,"6'2""",200,"6'6""",NA,4,1997-12-30,71,57,74,76,84,75,70,70,43,85,80,74,76,74,62,40,63,88,62,51,42
Duane Washington Jr.,Charlotte Hornets,Germany,4,PG,SG,Perimeter Threat,"6'2""",197,"6'8""",NA,4,2000-03-24,71,82,80,80,67,84,79,79,42,80,80,66,74,68,50,47,62,33,47,27,49
Duncan Robinson,Miami Heat,United States,55,SG,SF,Catch & Shoot Ace,"6'7""",215,"7'1""",19406000,7,1994-04-22,77,89,81,86,80,85,59,65,35,85,83,66,72,70,45,50,52,40,45,29,48
Duop Reath,Portland Trail Blazers,Australia,26,C,NA,Stretch Five,"6'9""",245,"7'1""",2048780,7,1996-06-26,74,85,68,80,80,95,59,52,73,83,80,40,52,44,53,62,37,41,67,65,64
Dwight Powell,Dallas Mavericks,Canada,7,C,NA,Inside-Out Scoring Threat,"6'10""",240,"7'1""",4000000,11,1991-07-20,73,92,65,78,81,30,71,58,80,90,83,55,60,64,61,74,45,43,61,83,64
Dyson Daniels,Atlanta Hawks,Australia,5,PG,SG,2-Way Rim Attacker,"6'7""",199,"6'11""",6059520,3,2003-03-17,74,94,72,73,67,60,79,84,52,89,80,82,86,82,74,57,79,96,57,50,61
Emoni Bates,Cleveland Cavaliers,United States,21,SF,SG,Perimeter Shot Creator,"6'8""",170,"6'9""",NA,2,2004-01-28,68,77,80,77,78,50,69,69,42,85,80,55,77,52,41,43,53,40,30,46,52
Enrique Freeman,Indiana Pacers,United States,8,PF,C,Interior Threat,"6'7""",214,"6'11""",NA,1,2000-07-29,68,74,66,66,67,35,74,74,60,88,80,59,62,60,60,66,66,44,65,67,68
Eric Gordon,Philadelphia 76ers,Bahamas,23,SG,SF,Perimeter Shot Creator,"6'3""",215,"6'9""",3303771,17,1988-12-25,76,81,82,83,79,60,79,79,60,92,78,69,79,73,58,42,73,49,53,30,40
Evan Mobley,Cleveland Cavaliers,United States,4,PF,C,Switchable Lockdown Defender,"6'11""",215,"7'4""",11227657,4,2001-06-18,86,85,69,74,72,70,72,79,74,97,80,69,60,84,82,92,82,43,81,65,87
Franz Wagner,Orlando Magic,Germany,22,SF,SG,Rim Attacker,"6'10""",220,"7'0""",7007092,4,2001-08-27,86,94,70,74,87,75,70,73,65,85,80,80,85,84,63,56,73,46,51,42,65
Fred VanVleet,Houston Rockets,United States,5,PG,NA,2-Way Playmaking Sharpshooter,"6'0""",197,"6'2""",42846615,9,1994-02-25,84,81,92,82,86,75,83,83,42,95,82,89,86,92,65,27,83,53,60,31,49
Gabe Vincent,Los Angeles Lakers,Nigeria,7,PG,SG,Perimeter Threat,"6'2""",200,"6'7""",11000000,7,1996-06-14,74,91,93,75,87,70,73,73,40,85,82,78,80,79,49,37,60,59,25,35,31
Garrett Temple,Toronto Raptors,United States,17,SG,SF,Perimeter Defender,"6'5""",195,"6'9""",2087519,16,1986-05-08,70,82,55,72,79,70,57,76,44,85,82,75,75,74,64,46,78,59,47,58,51
Garrison Mathews,Atlanta Hawks,United States,25,SF,SG,Perimeter Shot Creator,"6'6""",215,"6'9""",2230253,6,1996-10-24,72,74,81,88,91,60,50,60,44,89,79,71,76,82,48,42,59,37,42,34,46
Gary Harris,Orlando Magic,United States,14,SG,SF,2-Way 3-Level Shot Creator,"6'4""",210,"6'7""",7500000,11,1994-09-14,75,93,79,81,79,60,75,80,53,85,83,75,76,75,67,68,82,56,50,36,40
Gary Payton II,Golden State Warriors,United States,0,SF,SG,Versatile Stopper,"6'2""",195,"6'8""",9130000,9,1992-12-01,75,94,65,79,66,25,81,83,48,85,83,75,78,72,82,79,83,86,63,62,51
Gary Trent Jr.,Milwaukee Bucks,United States,5,SG,SF,Shot-Creating 3-Level Threat,"6'5""",209,"6'9""",NA,7,1999-01-18,78,83,76,83,59,70,85,85,58,80,82,70,79,71,52,50,61,56,35,32,47
Georges Niang,Cleveland Cavaliers,United States,20,PF,NA,Stretch Four,"6'7""",230,"6'10""",8500000,9,1993-06-17,73,90,84,81,88,60,44,55,60,88,84,65,67,70,51,60,55,35,47,32,65
Giannis Antetokounmpo,Milwaukee Bucks,Greece,34,PF,C,2-Way Slashing Point Four,"6'11""",243,"7'4""",48787676,12,1994-12-06,97,96,72,68,67,85,89,86,94,98,91,84,87,95,87,90,87,76,80,66,88
Goga Bitadze,Orlando Magic,Georgia,35,C,NA,Board-Hunting Lob Threat,"6'11""",250,"7'2""",9057971,6,1999-07-20,73,84,62,65,71,65,53,54,84,80,80,54,60,69,57,64,25,43,92,86,80
Gradey Dick,Toronto Raptors,United States,1,SG,SF,Inside-Out Shot Creator,"6'6""",205,"6'9""",4763760,2,2003-11-20,76,84,73,82,85,70,73,74,54,89,80,70,77,68,55,55,73,41,27,36,48
Grant Williams,Charlotte Hornets,United States,2,PF,C,Stretch Four,"6'6""",236,"6'10""",13025250,6,1998-11-30,76,81,73,81,77,70,58,70,73,88,80,69,66,72,60,68,68,37,56,47,55
Grayson Allen,Phoenix Suns,United States,8,SF,SG,Inside-Out Shot Creator,"6'4""",198,"6'7""",15625000,7,1995-10-08,78,87,70,93,91,60,84,78,44,85,82,70,78,78,56,35,72,41,56,36,51
G.G. Jackson,Memphis Grizzlies,United States,45,SF,SF,Inside-Out Scoring Threat,"6'9""",210,"7'0""",1891857,2,2004-12-17,78,70,70,80,70,65,82,79,62,88,80,59,62,50,56,58,58,38,57,47,58
Guerschon Yabusele,Philadelphia 76ers,France,28,PF,C,3-Level Scoring Threat,"6'8""",260,"7'0""",NA,9,1995-12-17,74,80,75,80,79,75,62,60,74,80,84,57,62,52,50,62,66,46,44,52,66
Gui Santos,Golden State Warriors,Brazil,15,PF,SF,Stretch Four,"6'7""",185,"6'11""",1891857,3,2002-06-22,71,73,69,79,65,70,73,72,50,80,86,57,62,55,60,66,69,58,52,53,58
Harrison Barnes,San Antonio Spurs,United States,40,SF,PF,Shot-Creating 3-Level Threat,"6'8""",225,"6'11""",18000000,13,1992-05-30,77,96,87,82,83,50,77,75,70,92,82,72,78,75,58,67,75,38,37,40,47
Harrison Ingram,San Antonio Spurs,United States,55,PF,SF,Promising Prospect,"6'7""",230,"6'11""",NA,1,2002-11-27,69,73,73,74,62,50,82,75,73,88,80,62,70,62,56,60,62,49,39,59,60
Harry Giles III,Charlotte Hornets,United States,20,C,PF,Mid-Range Scoring Threat,"6'10""",240,"7'3""",NA,8,1998-04-22,69,75,79,61,77,40,68,67,65,75,79,65,40,74,53,65,40,38,70,68,84
Haywood Highsmith,Miami Heat,United States,24,PF,SF,Stretch Four,"6'5""",220,"7'0""",5200000,7,1996-12-09,74,92,70,83,81,80,70,81,50,80,86,55,70,55,69,60,79,56,61,51,55
Herbert Jones,New Orleans Pelicans,United States,2,SG,SF,3 & D Two Guard,"6'7""",206,"7'0""",12976362,4,1998-10-06,82,76,78,85,86,75,74,93,59,82,80,69,75,75,81,62,94,80,66,42,48
Hunter Tyson,Denver Nuggets,United States,5,PF,SF,Stretch Four,"6'8""",215,"6'10""",1891857,2,2000-06-13,70,72,76,75,80,70,68,68,52,88,80,65,68,65,55,58,62,57,55,55,57
Immanuel Quickley,Toronto Raptors,United States,5,PG,SG,2-Way Inside-Out Playmaker,"6'2""",190,"6'8""",32500000,5,1999-06-17,81,85,71,83,89,75,82,82,54,89,79,84,86,84,59,37,80,40,37,29,60
Isaac Okoro,Cleveland Cavaliers,United States,35,SF,SG,Versatile Stopper,"6'5""",225,"6'9""",NA,5,2001-01-26,76,80,60,81,69,70,77,85,67,89,82,69,72,69,71,68,84,43,56,45,45
Isaiah Collier,Utah Jazz,United States,13,PG,SG,Tempo-Pushing Point,"6'4""",193,"6'8""",2512680,1,2004-10-08,70,73,65,72,67,50,95,88,60,89,80,65,86,65,53,30,62,65,47,32,44
Isaiah Hartenstein,Oklahoma City Thunder,Germany,55,C,NA,Board-Hunting Lob Threat,"7'0""",250,"7'2""",30000000,8,1998-05-05,81,95,70,55,67,75,62,62,84,80,77,50,56,60,60,43,41,70,81,90,82
Isaiah Jackson,Indiana Pacers,United States,22,C,PF,Board-Hunting Lob Threat,"6'9""",205,"7'3""",4435381,4,2002-01-10,76,82,69,59,71,55,73,73,65,82,80,40,59,44,64,70,54,63,89,89,79
Isaiah Joe,Oklahoma City Thunder,United States,11,SG,PG,Shot-Creating 3-Level Threat,"6'3""",165,"6'8""",12991650,5,1999-07-02,78,81,94,85,84,80,72,77,47,80,87,67,74,69,54,42,69,43,53,37,52
Isaiah Mobley,Philadelphia 76ers,United States,15,C,PF,Rebounder,"6'8""",238,"7'3""",NA,3,1999-09-24,69,68,70,70,68,65,58,58,62,87,80,68,49,75,51,61,44,41,69,60,81
Isaiah Stewart,Detroit Pistons,United States,28,PF,C,3-Level Scoring Threat,"6'8""",250,"7'4""",15000000,5,2001-05-22,76,93,76,82,79,75,63,62,86,89,77,44,34,50,55,70,54,32,62,53,71
Ivica Zubac,Los Angeles Clippers,Croatia,40,C,NA,Paint Beast,"7'0""",240,"7'4""",11743210,9,1997-03-18,82,98,74,26,70,80,26,45,80,80,80,70,35,47,55,77,34,32,81,84,87
Ja Morant,Memphis Grizzlies,United States,12,PG,NA,3-Level Playmaking Slasher,"6'2""",174,"6'7""",36725670,6,1999-08-10,90,89,90,75,76,70,95,95,52,97,80,96,96,95,67,49,72,60,55,41,66
Jabari Smith Jr.,Houston Rockets,United States,10,PF,C,Shot-Creating 3-Level Threat,"6'11""",220,"7'1""",9770880,3,2003-05-13,80,92,80,80,74,70,76,76,60,89,80,65,75,66,61,70,69,37,62,70,79
Jabari Walker,Portland Trail Blazers,United States,34,PF,SF,Board Hunter,"6'7""",200,"6'11""",2019699,3,2002-07-30,74,72,70,71,77,65,75,75,46,80,80,52,60,54,60,68,68,40,51,68,86
Jacob Toppin,New York Knicks,United States,00,PF,SF,Interior Threat,"6'8""",200,"6'11""",NA,2,2000-05-08,67,70,69,69,67,50,68,68,62,85,80,50,68,50,58,67,65,38,51,47,62
Jaden Hardy,Dallas Mavericks,United States,1,PG,SG,Balanced Offensive Point,"6'3""",198,"6'9""",2019699,3,2002-07-05,73,71,82,80,67,60,83,83,39,84,80,75,83,75,45,34,55,38,35,36,55
Jaden Ivey,Detroit Pistons,United States,23,SG,PG,Shot-Creating 3-Level Threat,"6'4""",195,"6'10""",7977240,3,2002-02-13,78,79,83,77,79,60,91,91,54,92,80,84,86,84,61,59,71,40,56,46,47
Jaden McDaniels,Minnesota Timberwolves,United States,3,SF,PF,Switchable Lockdown Defender,"6'9""",185,"7'0""",23017242,5,2000-09-29,80,95,72,78,74,50,79,93,60,85,90,44,78,40,83,83,92,80,57,41,46
Jaden Springer,Boston Celtics,United States,44,SG,SF,Ball Hawk,"6'4""",202,"6'8""",4018363,4,2002-09-25,71,67,73,53,81,50,82,82,49,85,80,75,81,75,70,44,75,90,67,60,49
Jae’Sean Tate,Houston Rockets,United States,8,SF,PF,Versatile Defender,"6'4""",230,"6'8""",7065217,7,1995-10-28,73,94,70,72,73,50,69,70,65,89,80,70,74,72,65,70,70,59,52,56,62
Jaime Jaquez Jr.,Miami Heat,United States,11,SF,PF,Shot-Creating 3-Level Threat,"6'6""",230,"6'10""",3685800,2,2001-02-18,79,93,84,76,86,80,67,75,68,88,80,70,73,74,66,68,72,53,47,47,52
Jake LaRavia,Memphis Grizzlies,United States,3,PF,SF,Stretch Four,"6'7""",235,"6'10""",3352680,3,2001-11-03,74,70,76,77,78,85,59,69,62,88,80,69,68,68,55,69,43,53,53,58,52
Jakob Poeltl,Toronto Raptors,Austria,19,C,NA,Defensive Anchor,"7'0""",245,"7'3""",19500000,9,1995-10-15,80,96,59,45,51,70,51,37,80,80,80,69,38,62,68,81,45,40,85,75,85
Ja’Kobe Walter,Toronto Raptors,United States,14,SF,SG,3 & D Threat,"6'5""",180,"6'9""",3465000,1,2004-09-04,70,72,74,76,79,50,90,82,57,88,80,69,70,69,54,47,66,57,47,47,50
Jalen Brunson,New York Knicks,United States,11,PG,NA,Offensive Architect,"6'2""",190,"6'4""",24960001,7,1996-08-31,93,98,93,86,87,90,84,84,60,98,81,96,95,98,60,55,73,41,35,34,49
Jalen Duren,Detroit Pistons,United States,0,C,NA,Board-Hunting Lob Threat,"6'10""",250,"7'5""",4536840,3,2003-11-18,81,97,55,35,57,75,73,73,81,89,80,59,59,50,61,72,62,36,62,79,95
Jalen Green,Houston Rockets,United States,4,SG,PG,3-Level Slasher,"6'4""",186,"6'8""",12483048,4,2002-02-09,84,79,83,80,80,70,88,88,55,88,80,77,86,79,58,45,73,40,50,33,65
Jalen Hood-Schifino,Los Angeles Lakers,United States,0,PG,SG,Steady Playmaker,"6'5""",215,"6'10""",3879840,2,2003-06-19,72,73,79,65,77,70,79,79,48,85,80,78,82,77,55,52,74,40,45,31,49
Jalen Johnson,Atlanta Hawks,United States,1,PF,SF,3-Level Scoring Threat,"6'8""",219,"7'0""",4510905,4,2001-12-18,80,92,76,79,76,75,76,76,68,85,80,68,58,69,59,66,66,49,62,45,86
Jalen McDaniels,Sacramento Kings,United States,7,PF,SF,Mid-Range Scoring Threat,"6'9""",205,"7'0""",4741800,6,1998-01-31,72,87,80,60,84,70,73,73,60,80,80,55,69,59,50,59,55,49,50,42,57
Jalen Pickett,Denver Nuggets,United States,24,PG,SG,Steady Playmaker,"6'2""",202,"6'7""",1891857,2,1999-10-22,70,76,68,76,76,75,72,72,59,88,79,72,75,74,54,47,62,47,48,52,60
Jalen Smith,Chicago Bulls,United States,7,C,PF,Inside-Out Board Hunter,"6'9""",215,"7'2""",8571429,5,2000-03-16,77,97,72,83,74,70,69,68,65,82,80,29,38,40,56,70,48,35,68,80,85
Jalen Suggs,Orlando Magic,United States,4,PG,SG,2-Way Inside-Out ISO Creator,"6'5""",205,"6'6""",9188385,4,2001-06-03,82,91,73,83,77,70,88,93,59,88,80,78,86,84,77,55,93,80,62,38,51
Jalen Williams,Oklahoma City Thunder,United States,8,PF,SF,Walking Bucket,"6'5""",211,"7'2""",4775760,3,2001-04-14,86,96,96,88,83,88,87,87,50,90,80,78,86,78,67,55,77,49,58,48,64
Jalen Wilson,Brooklyn Nets,United States,22,SF,PF,Catch & Shoot Threat,"6'6""",220,"6'8""",1891857,2,2000-11-04,71,77,72,75,79,75,82,79,30,80,80,64,68,63,44,35,57,35,37,62,61
Jamal Cain,New Orleans Pelicans,United States,8,SF,PF,Ball Hawk,"6'7""",210,"6'11""",NA,3,1999-03-20,70,77,59,76,77,75,66,68,60,80,83,44,53,49,59,60,68,73,57,57,48
Jamal Murray,Denver Nuggets,Canada,27,PG,SG,Offensive Architect,"6'4""",215,"6'7""",36016200,9,1997-02-23,87,87,93,86,92,70,80,80,54,95,78,84,89,85,61,35,77,43,57,37,53
Jamal Shead,Toronto Raptors,United States,23,PG,SG,Mid-Range Shot Creator,"6'1""",195,"6'5""",NA,1,2002-07-24,69,74,74,74,77,40,97,94,49,88,80,79,86,77,59,34,77,75,37,34,39
James Harden,Los Angeles Clippers,United States,1,PG,SG,Playmaking Inside-Out Scorer,"6'5""",220,"6'11""",33653846,16,1989-08-26,84,75,81,85,87,45,85,85,71,98,95,82,95,94,64,62,70,43,61,33,63
James Johnson,Indiana Pacers,United States,16,PF,C,Versatile Defender,"6'7""",240,"7'1""",NA,16,1987-02-20,70,77,60,68,63,30,67,74,80,84,83,70,74,70,72,74,74,63,72,46,69
James Wiseman,Indiana Pacers,United States,13,C,NA,Board-Hunting Lob Threat,"6'11""",240,"7'6""",2237691,5,1998-03-31,75,94,67,67,70,55,70,70,70,87,87,54,66,64,60,74,50,31,71,75,84
Jarace Walker,Indiana Pacers,United States,5,PF,C,3-Level Scoring Threat,"6'7""",235,"7'3""",6362520,2,2003-09-04,74,80,80,78,66,65,81,81,80,90,80,69,62,68,68,70,67,70,76,45,68
Jared Butler,Washington Wizards,United States,4,PG,NA,Steady Playmaker,"6'3""",193,"6'4""",2196970,4,2000-08-25,71,90,65,73,82,70,80,80,50,83,80,69,82,68,52,30,60,73,51,33,48
Jared McCain,Philadelphia 76ers,United States,20,SG,SF,Perimeter Shot Creator,"6'3""",197,"6'7""",4020360,1,2004-02-20,70,74,80,82,86,50,76,76,52,90,80,68,82,67,54,45,63,57,37,37,45
Jared Rhoden,Toronto Raptors,United States,8,PF,SF,Spot-Up Threat,"6'5""",210,"6'9""",NA,3,1999-08-27,70,56,80,77,80,70,68,72,62,80,82,55,69,54,58,47,68,32,74,54,61
Jaren Jackson Jr.,Memphis Grizzlies,United States,13,C,PF,2-Way Inside-Out Threat,"6'10""",242,"7'5""",25257798,7,1999-09-15,87,88,68,78,84,90,63,80,82,90,94,45,60,50,81,90,80,53,83,46,63
Jarred Vanderbilt,Los Angeles Lakers,United States,2,PF,C,2-Way Interior Threat,"6'8""",214,"7'1""",10714286,7,1999-04-03,78,85,69,66,69,65,75,83,70,75,78,60,65,38,78,83,83,85,45,65,73
Jarrett Allen,Cleveland Cavaliers,United States,31,C,NA,Paint Beast,"6'9""",243,"7'5""",20000000,8,1998-04-21,84,97,82,63,70,80,75,72,84,92,82,25,35,48,73,89,72,38,70,78,87
Jason Preston,Utah Jazz,United States,10,PG,SG,3PT Playmaker,"6'3""",181,"6'9""",NA,4,1999-08-10,69,71,70,75,62,50,82,82,52,85,80,84,75,84,50,40,64,35,25,68,67
Javonte Green,New Orleans Pelicans,United States,26,PF,SF,Slashing Stretch Four,"6'5""",205,"7'0""",NA,10,1993-07-23,74,73,70,82,67,60,72,74,46,80,82,60,72,68,74,74,77,66,75,68,83
Jaxson Hayes,Los Angeles Lakers,United States,11,C,PF,Interior Threat,"7'0""",220,"7'4""",2463946,6,2000-05-23,73,92,68,60,56,45,58,64,72,80,80,29,38,40,62,78,48,53,68,67,68
Jay Huff,Memphis Grizzlies,United States,30,C,NA,Stretch Five,"7'1""",240,"7'5""",NA,4,1997-08-25,67,77,72,77,77,50,48,47,62,80,77,50,43,60,52,62,32,32,69,64,68
Jaylen Brown,Boston Celtics,United States,7,SF,SG,2-Way Scoring Phenom,"6'6""",223,"7'0""",49700000,9,1996-10-24,92,93,96,83,72,80,79,87,69,95,82,78,86,84,74,70,87,53,53,45,59
Jaylen Clark,Minnesota Timberwolves,United States,0,SG,NA,Defensive Menace,"6'4""",205,"6'9""",NA,2,2001-10-13,68,68,60,70,69,60,79,86,55,85,79,50,66,50,68,52,81,78,50,51,50
Jaylen Martin,Brooklyn Nets,United States,16,SG,SF,Perimeter Defender,"6'6""",216,"6'10""",NA,2,2004-01-28,67,57,56,50,60,60,83,76,40,85,82,60,65,38,55,38,69,36,73,73,64
Jaylen Nowell,Washington Wizards,United States,20,PG,SG,Inside the Arc Shot Creator,"6'4""",201,"6'7""",NA,6,1999-07-09,74,91,85,71,78,85,81,80,39,85,80,64,75,68,46,29,60,46,32,41,54
Jaylen Wells,Memphis Grizzlies,United States,0,SF,PF,3PT Shot Creator,"6'8""",205,"7'0""",NA,1,2003-08-26,68,64,72,79,81,50,86,75,60,85,80,54,75,54,44,51,60,33,30,44,50
Jaylin Williams,Oklahoma City Thunder,United States,6,C,NA,Stretch Five,"6'9""",240,"7'1""",2019699,3,2002-06-29,75,79,76,80,70,85,50,57,60,78,80,62,59,69,62,74,45,43,67,48,84
Jaylon Tyson,Cleveland Cavaliers,United States,24,SF,PF,Perimeter Shot Creator,"6'7""",210,"6'11""",3326160,1,2002-12-02,70,75,78,76,79,45,80,76,63,85,80,69,75,68,52,50,67,46,50,41,57
Jayson Tatum,Boston Celtics,United States,0,PF,SF,2-Way Scoring Phenom,"6'8""",210,"6'10""",34848340,8,1998-03-03,95,92,96,87,79,98,82,88,71,95,80,78,86,84,74,81,87,42,53,39,78
JD Davison,Boston Celtics,United States,20,PG,SG,Rim Attacker,"6'1""",195,"6'7""",NA,3,2002-10-03,69,70,73,71,73,50,85,85,54,88,80,72,86,75,52,25,56,69,61,36,55
Nate Williams,Houston Rockets,United States,19,SF,SG,Catch & Shoot Threat,"6'5""",205,"7'2""",NA,3,1999-02-12,69,70,79,75,85,50,68,68,52,80,83,65,71,66,46,40,52,40,53,67,50
Jeff Dowtin,Philadelphia 76ers,United States,11,PG,SG,Steady Playmaker,"6'3""",177,"6'7""",NA,5,1997-05-10,70,74,72,79,76,75,70,70,30,80,80,75,78,75,50,30,60,73,40,36,60
Jeff Green,Houston Rockets,United States,32,PF,C,Balanced 2-Way Threat,"6'8""",235,"7'1""",9600000,18,1986-08-28,74,88,75,76,82,50,63,75,70,89,82,69,74,70,59,69,70,32,62,43,52
Jerami Grant,Portland Trail Blazers,United States,9,SF,PF,2-Way 3-Level Shot Creator,"6'7""",210,"7'3""",29793104,11,1994-03-12,82,81,88,84,83,70,77,77,69,95,82,69,76,70,65,70,69,37,58,35,50
Jeremiah Robinson-Earl,New Orleans Pelicans,United States,50,PF,C,Inside-Out Scoring Threat,"6'8""",240,"6'10""",2196970,4,2000-11-03,72,87,66,76,83,75,62,62,60,80,80,65,69,66,51,66,40,40,51,63,69
Jeremy Sochan,San Antonio Spurs,Poland,10,PF,PG,Small Ball Four,"6'8""",230,"7'0""",5570040,3,2003-05-20,77,73,67,74,78,80,70,74,60,90,80,79,79,82,62,65,74,41,55,58,67
Jericho Sims,New York Knicks,United States,20,C,NA,Interior Scorer,"6'10""",250,"7'3""",2092344,4,1998-10-20,72,68,69,26,52,60,80,80,65,85,80,30,35,32,53,66,40,33,70,73,69
Jermaine Samuels Jr.,Houston Rockets,United States,00,PF,SF,Rim Rocker,"6'6""",230,"6'9""",NA,3,1998-11-13,68,66,66,69,63,50,81,78,66,85,80,52,62,52,52,63,63,42,47,66,65
Jett Howard,Orlando Magic,United States,13,SF,SG,Perimeter Shot Creator,"6'6""",215,"6'9""",5278320,2,2003-09-14,71,74,78,79,80,55,69,69,58,90,80,69,73,65,56,55,67,43,56,43,58
Jevon Carter,Chicago Bulls,United States,5,PG,SG,Perimeter Threat,"6'1""",200,"6'4""",6500000,7,1995-09-14,73,92,89,76,82,80,76,83,60,85,81,75,79,70,63,34,79,53,56,31,38
Jimmy Butler,Miami Heat,United States,22,SF,PF,2-Way Inside-Out Point Forward,"6'7""",230,"6'8""",48798677,14,1989-09-14,89,89,81,83,89,58,84,92,76,97,81,85,86,89,81,80,90,75,45,55,54
Jock Landale,Houston Rockets,Australia,2,C,NA,Inside the Arc Threat,"6'11""",255,"7'3""",8000000,7,1995-10-25,76,94,75,63,75,75,54,54,64,80,80,58,52,64,57,65,48,41,80,81,54
Joe Ingles,Minnesota Timberwolves,Australia,7,SF,PF,3 & D Wing,"6'9""",220,"6'10""",2087519,16,1987-10-02,74,64,75,86,86,60,66,80,64,92,80,75,70,75,65,58,80,53,35,34,56
Joel Embiid,Philadelphia 76ers,Cameroon,21,C,NA,2-Way 3-Level Scorer,"7'0""",280,"7'5""",51415938,11,1994-03-16,96,97,96,82,89,80,69,69,96,95,76,74,57,82,77,92,68,49,82,83,94
John Collins,Utah Jazz,United States,20,C,PF,Inside-Out Scoring Threat,"6'9""",226,"6'11""",26580000,8,1997-09-23,80,95,69,81,75,60,71,65,75,92,84,37,60,66,57,74,49,37,68,67,85
John Konchar,Memphis Grizzlies,United States,46,SG,SF,Perimeter Shot Creator,"6'5""",210,"6'8""",6165000,6,1996-03-22,72,73,76,76,78,65,62,69,40,93,84,74,76,79,59,54,62,63,80,57,70
Johnny Davis,Washington Wizards,United States,1,SG,SF,Inside-Out Shot Creator,"6'4""",195,"6'8""",5291160,3,2002-02-27,70,70,60,76,70,60,78,79,54,85,80,70,82,70,60,68,73,42,52,40,48
Johnny Furphy,Indiana Pacers,Australia,7,PF,SF,Stretch Four,"6'9""",210,"7'1""",NA,1,2004-12-07,70,77,77,79,77,55,79,63,54,85,80,60,59,64,50,52,57,43,45,57,54
Johnny Juzang,Utah Jazz,United States,33,SF,SG,3PT Shot Creator,"6'7""",209,"6'11""",NA,3,2001-03-17,69,84,73,79,84,40,70,70,55,85,80,59,72,62,47,50,58,31,37,35,46
Jonas Valanciunas,Washington Wizards,Lithuania,17,C,NA,Inside The Arc Board Hunter,"6'11""",265,"7'3""",9900000,14,1992-05-06,82,97,88,74,79,75,62,48,89,90,81,36,35,65,60,75,43,35,74,74,92
Jonathan Isaac,Orlando Magic,United States,1,PF,NA,2-Way Slashing Stretch Four,"6'10""",230,"7'1""",25000000,8,1997-10-03,78,71,73,81,81,50,73,80,70,75,67,65,76,55,82,83,83,70,92,68,85
Jonathan Kuminga,Golden State Warriors,DR Congo,00,PF,SF,3-Level Scoring Threat,"6'7""",225,"6'11""",7636307,4,2002-10-06,80,95,80,75,71,70,84,84,73,88,80,69,67,60,62,73,73,42,56,51,62
Jonathan Mogbo,Toronto Raptors,United States,2,PF,C,Interior Threat,"6'8""",215,"7'0""",NA,1,2001-10-29,69,70,47,30,59,50,91,79,68,88,80,66,70,67,65,64,64,75,55,64,61
Jordan Clarkson,Utah Jazz,United States,00,SG,SF,3-Level Slasher,"6'3""",194,"6'8""",14092577,11,1992-06-07,78,91,81,79,83,70,79,82,54,80,83,79,88,81,46,43,65,37,32,41,47
Jordan Goodwin,Los Angeles Lakers,United States,12,SG,PG,Steady Combo Guard,"6'4""",200,"6'10""",325590,4,1998-10-23,74,69,71,72,87,75,75,76,49,80,80,78,78,78,64,47,71,66,56,70,70
Jordan Hawkins,New Orleans Pelicans,United States,24,SG,PG,3PT Shot Creator,"6'5""",190,"6'7""",4525680,2,2002-04-29,73,80,73,83,87,80,70,72,48,89,80,72,75,75,52,45,65,35,40,38,53
Jordan McLaughlin,Sacramento Kings,United States,3,PG,NA,3-Level Scoring Threat,"6'0""",185,"6'5""",2087519,7,1996-04-09,74,73,74,84,75,95,72,74,52,80,83,83,84,80,60,25,73,86,50,41,48
Jordan Miller,Los Angeles Clippers,United States,11,SF,SG,Interior Threat,"6'5""",194,"7'0""",NA,2,2000-01-23,68,67,70,72,74,50,84,78,52,85,80,60,69,62,55,54,65,57,67,37,42
Jordan Poole,Washington Wizards,United States,13,PG,SG,3-Level Slasher,"6'4""",194,"6'7""",29651786,6,1999-06-19,79,81,78,80,86,65,81,81,61,80,80,83,89,82,51,47,65,49,47,32,46
Jordan Walsh,Boston Celtics,United States,27,PF,SF,Interior Threat,"6'7""",205,"7'2""",1891857,2,2004-03-03,70,67,65,68,71,50,77,77,54,89,80,63,68,62,67,63,75,62,54,44,47
Jose Alvarado,New Orleans Pelicans,Puerto Rico,15,PG,SG,Defensive Menace,"6'0""",179,"6'1""",1988598,4,1998-04-12,76,79,73,81,60,75,76,86,42,80,80,75,73,68,73,31,85,90,53,38,52
Josh Christopher,Miami Heat,United States,8,SG,PG,Inside the Arc Shot Creator,"6'4""",215,"6'9""",NA,4,2001-12-08,70,90,75,70,75,60,84,84,55,88,80,68,75,62,58,49,67,59,58,38,42
Josh Giddey,Chicago Bulls,Australia,3,SG,PG,3-Level Scoring Combo Guard,"6'8""",216,"6'8""",8352367,4,2002-10-10,79,85,85,77,78,45,79,79,60,88,80,96,89,95,60,50,69,40,60,57,80
Josh Green,Charlotte Hornets,Australia,10,SF,SG,3-Level Scoring Threat,"6'7""",200,"6'10""",12654321,5,2000-11-16,76,69,77,82,62,50,86,86,60,89,83,70,70,70,61,35,79,43,37,39,51
Josh Hart,New York Knicks,United States,3,PF,SF,2-Way Inside-Out Shot Creator,"6'4""",215,"6'8""",18144000,8,1995-03-06,82,74,72,79,75,65,81,86,64,99,82,73,79,80,71,78,86,42,45,80,84
Josh Minott,Minnesota Timberwolves,United States,8,SF,PF,Interior Threat,"6'8""",205,"7'0""",2019699,3,2002-11-25,70,74,65,74,75,50,72,72,62,80,80,62,63,60,62,48,63,63,74,66,69
Josh Okogie,Phoenix Suns,Nigeria,2,SF,SG,Wing Stopper,"6'4""",213,"7'0""",8250000,7,1998-09-01,74,84,78,73,77,80,89,89,46,80,82,69,76,62,73,50,81,76,62,67,48
Josh Richardson,Miami Heat,United States,0,PG,SG,Defensive Menace,"6'5""",200,"6'10""",3051153,10,1993-09-15,75,94,82,78,90,70,80,81,57,95,83,69,78,68,68,69,81,38,51,34,52
Jrue Holiday,Boston Celtics,United States,4,PG,SG,2-Way Inside-Out ISO Creator,"6'5""",205,"6'7""",30000000,16,1990-06-12,87,96,71,86,83,80,79,96,49,90,80,84,86,85,83,66,95,81,61,46,58
J.T. Thor,Cleveland Cavaliers,South Sudan,13,PF,SF,Stretch Four,"6'9""",203,"7'3""",NA,4,2002-08-26,71,76,72,78,70,45,84,84,50,85,80,65,60,66,58,65,63,33,72,55,64
Julian Champagnie,San Antonio Spurs,United States,30,SF,SG,3 & D Threat,"6'7""",217,"6'10""",3000000,3,2001-06-29,73,65,74,80,78,75,69,69,37,85,80,66,68,64,55,45,67,46,63,40,55
Julian Phillips,Chicago Bulls,United States,15,SF,PF,Perimeter Defender,"6'8""",198,"7'0""",1891857,2,2003-11-05,70,67,68,74,82,70,73,78,40,85,80,60,66,57,57,50,68,28,72,45,46
Julian Strawther,Denver Nuggets,Puerto Rico,3,SG,SF,Perimeter Shot Creator,"6'6""",205,"6'9""",2552520,2,2002-04-18,73,85,74,75,75,80,63,70,53,90,80,64,74,65,56,44,65,49,51,30,51
Julius Randle,Minnesota Timberwolves,United States,30,PF,C,Inside the Arc Shot Creator,"6'8""",250,"7'0""",28939680,11,1994-11-29,85,89,85,73,74,65,73,76,87,95,84,74,80,84,61,77,73,35,42,58,81
Justin Champagnie,Washington Wizards,United States,9,SF,SG,Rebounder,"6'6""",206,"6'10""",NA,4,2001-06-29,71,70,67,72,71,75,73,73,40,80,80,62,65,62,54,49,52,59,71,66,65
Justin Minaya,Portland Trail Blazers,United States,10,SG,SF,Perimeter Defender,"6'5""",210,"6'9""",NA,3,1999-03-26,69,55,70,71,50,65,70,71,55,85,81,65,70,65,60,62,69,40,63,65,45
Jusuf Nurkic,Phoenix Suns,Bosnia & Herzegovina,20,C,NA,2-Way Inside-The-Arc Threat,"7'0""",290,"7'2""",18125000,11,1994-08-23,80,88,88,62,72,70,51,49,90,86,72,60,40,82,66,78,45,56,73,84,93
Kai Jones,Los Angeles Clippers,Bahamas,23,C,PF,2-Way Interior Threat,"6'11""",221,"7'2""",2087519,4,2001-01-19,69,68,69,69,73,60,66,66,65,84,80,38,35,48,67,78,47,43,83,60,68
Karl-Anthony Towns,New York Knicks,Dominican Republic,32,PF,C,Inside-Out Scorer,"7'0""",248,"7'4""",49205800,10,1995-11-15,88,93,85,87,90,75,76,76,87,98,82,60,65,79,57,69,50,37,56,52,82
Karlo Matkovic,New Orleans Pelicans,Bosnia & Herzegovina,13,PF,C,Rebounder,"6'10""",231,"7'2""",NA,3,2001-03-30,71,72,69,68,68,70,56,51,62,80,80,50,55,52,58,60,41,66,74,65,69
Kawhi Leonard,Los Angeles Clippers,United States,2,PF,SF,2-Way Scoring Phenom,"6'7""",225,"7'3""",49205800,14,1991-06-29,92,97,90,85,87,80,84,90,79,87,82,79,86,82,83,81,90,80,62,46,65
Keaton Wallace,Atlanta Hawks,United States,20,SG,PG,3 & D Threat,"6'3""",195,"6'7""",NA,4,1999-02-26,67,62,68,79,75,50,80,79,49,88,84,70,72,65,62,44,70,70,45,34,47
Keegan Murray,Sacramento Kings,United States,13,PF,SF,3-Level Scoring Threat,"6'8""",225,"6'11""",8809560,3,2000-08-19,80,95,83,83,85,60,76,79,60,85,80,65,70,66,66,68,78,43,61,47,61
Keita Bates-Diop,Minnesota Timberwolves,United States,31,PF,SF,Mid-Range Scoring Threat,"6'8""",229,"7'3""",2654644,7,1996-01-23,72,76,74,73,72,70,77,77,60,80,76,58,66,56,57,63,63,53,68,55,57
Keldon Johnson,San Antonio Spurs,United States,0,SF,PF,Shot-Creating 3-Level Threat,"6'5""",220,"6'9""",19000000,6,1999-10-11,79,89,83,78,77,50,76,78,70,90,80,74,79,74,60,67,73,40,45,50,63
Kel’el Ware,Miami Heat,United States,7,C,PF,Inside-Out Scoring Threat,"7'0""",230,"7'4""",4655040,1,2004-04-20,70,70,71,75,63,50,66,68,59,89,80,37,52,52,50,56,37,38,68,69,75
Kelly Olynyk,Toronto Raptors,Canada,41,C,PF,3-Level Scoring Threat,"6'11""",240,"6'10""",12804878,12,1991-04-19,79,97,85,82,90,75,31,35,70,89,82,60,42,66,59,70,50,59,55,58,73
Kelly Oubre Jr.,Philadelphia 76ers,United States,9,SF,SG,Rim Attacker,"6'7""",203,"7'2""",7983000,10,1995-12-09,79,74,65,74,76,75,72,82,58,90,84,73,74,75,62,49,74,53,61,50,60
Kendall Brown,Indiana Pacers,United States,10,SF,SG,Perimeter Defender,"6'7""",205,"6'11""",2120693,3,2003-05-11,69,70,68,73,69,80,74,74,44,85,80,70,71,69,61,59,68,55,52,39,47
Kenneth Lofton Jr.,Chicago Bulls,United States,34,C,NA,Inside the Arc Threat,"6'6""",275,"6'11""",NA,3,2002-08-14,73,87,76,71,59,70,64,64,82,85,80,60,62,64,51,57,38,43,62,67,62
Kenrich Williams,Oklahoma City Thunder,United States,34,PF,C,Stretch Four,"6'6""",210,"6'7""",6669000,7,1994-12-02,73,81,65,82,44,75,66,75,63,80,80,69,69,69,66,68,75,53,45,59,64
Kentavious Caldwell-Pope,Orlando Magic,United States,3,SG,SF,2-Way Sharpshooter,"6'5""",204,"6'8""",22757000,12,1993-02-18,78,86,94,87,90,50,85,84,60,92,84,75,75,82,71,45,87,59,55,32,41
Kenyon Martin Jr.,Philadelphia 76ers,United States,1,PF,SF,Rim Protector,"6'6""",215,"6'7""",7975000,5,2001-01-06,74,87,68,70,68,50,83,83,62,80,81,64,76,64,55,54,67,43,55,55,60
Keon Ellis,Sacramento Kings,United States,23,SG,PG,3 & D Two Guard,"6'3""",175,"6'9""",2120693,3,2000-01-08,77,87,74,83,74,70,81,84,48,85,80,64,74,65,76,58,84,83,67,42,52
Keon Johnson,Brooklyn Nets,United States,45,SG,SF,Inside-Out Threat,"6'3""",185,"6'7""",NA,4,1995-09-29,69,60,68,78,66,60,93,84,40,88,80,75,72,70,62,45,70,66,52,40,47
Kessler Edwards,Dallas Mavericks,United States,20,SF,PF,3 & D Threat,"6'7""",203,"6'11""",NA,4,2000-08-09,69,64,72,82,80,40,72,74,77,80,80,50,64,64,64,59,75,36,56,42,60
Kevin Durant,Phoenix Suns,United States,35,PF,SF,2-Way Scoring Phenom,"6'11""",240,"7'5""",51179021,18,1988-09-29,94,97,97,92,87,78,80,84,63,94,88,78,92,88,73,75,84,40,68,33,69
Kevin Huerter,Sacramento Kings,United States,9,SG,SF,Inside-Out Shot Creator,"6'7""",198,"6'8""",16830357,7,1998-08-27,75,95,69,81,76,60,84,78,50,85,83,74,79,76,56,44,64,42,52,38,60
Kevin Knox II,Golden State Warriors,United States,6,PF,SF,Skilled Stretch,"6'7""",215,"7'0""",NA,7,1999-08-11,72,88,61,79,77,70,75,75,70,90,82,59,75,60,56,57,69,40,52,40,53
Kevin Love,Miami Heat,United States,42,C,PF,Inside-Out Board Hunter,"6'8""",245,"6'11""",3850000,17,1988-09-07,76,95,73,80,82,50,66,54,82,70,77,65,52,77,56,69,50,37,51,61,95
Kevin McCullar,New York Knicks,United States,9,SG,SF,Perimeter Defender,"6'7""",212,"6'11""",NA,1,2001-03-15,69,76,75,74,79,50,75,82,55,90,80,68,66,67,62,52,72,56,63,44,55
Kevin Porter Jr.,Los Angeles Clippers,United States,77,PG,SG,Balanced Point,"6'4""",203,"6'9""",3237691,6,2000-05-04,76,84,85,80,78,55,85,75,52,88,80,82,82,82,54,44,69,59,45,45,58
Kevon Harris,Atlanta Hawks,United States,8,SF,SG,Catch & Shoot Threat,"6'5""",216,"6'9""",NA,5,1997-06-24,68,75,72,81,76,40,71,71,58,85,80,64,69,65,54,60,62,53,51,59,51
Kevon Looney,Golden State Warriors,United States,5,C,NA,Board-Hunting Lob Threat,"6'9""",222,"7'4""",8000000,10,1996-02-06,76,97,68,69,69,50,58,69,74,85,84,55,61,66,60,72,46,38,62,85,85
Keyontae Johnson,Charlotte Hornets,United States,18,SF,SG,Catch & Shoot Threat,"6'4""",230,"6'11""",NA,2,2000-05-24,68,76,68,76,71,50,81,78,60,85,80,52,64,58,54,52,62,48,50,59,69
Keyonte George,Utah Jazz,United States,3,PG,SG,Playmaking Inside-Out Threat,"6'4""",185,"6'5""",4084200,2,2003-11-08,78,86,72,79,82,75,79,78,55,84,80,85,87,85,47,34,65,36,32,29,51
Khris Middleton,Milwaukee Bucks,United States,22,SF,PF,2-Way 3-Level Shot Creator,"6'7""",222,"6'11""",31666667,13,1991-08-12,85,94,97,82,82,60,71,84,73,92,90,78,77,78,70,72,84,46,47,40,65
Killian Hayes,Brooklyn Nets,France,8,PG,SG,Steady Playmaker,"6'5""",195,"6'8""",NA,5,2001-07-27,74,89,79,73,70,70,79,79,56,89,83,82,83,84,63,49,73,59,56,31,55
Kira Lewis Jr.,Washington Wizards,United States,2,PG,NA,Steady Playmaker,"6'1""",170,"6'5""",NA,5,2001-04-06,71,88,66,60,86,65,89,89,49,85,84,75,86,75,52,34,67,49,42,43,42
KJ Simpson,Charlotte Hornets,United States,25,PG,NA,Perimeter Shot Creator,"6'2""",187,"6'6""",NA,1,2002-08-08,70,76,79,78,85,60,76,83,52,85,80,78,87,78,54,42,64,60,56,37,57
Klay Thompson,Dallas Mavericks,United States,31,SG,SF,2-Way Catch & Shoot Ace,"6'6""",220,"6'9""",15873016,14,1990-02-08,81,93,90,89,91,70,71,80,62,91,94,67,70,67,69,70,80,38,53,33,50
Kobe Brown,Los Angeles Clippers,United States,21,PF,SF,Promising Prospect,"6'7""",250,"7'1""",2533920,2,2000-01-01,70,80,72,72,79,50,60,62,74,88,80,62,60,64,55,62,62,43,53,54,53
Kobe Bufkin,Atlanta Hawks,United States,4,PG,SG,Inside the Arc Shot Creator,"6'5""",195,"6'8""",4299000,2,2003-09-21,72,80,79,70,83,60,86,86,40,95,80,72,87,73,50,48,64,49,42,41,49
Kris Dunn,Los Angeles Clippers,United States,18,SG,SF,2-Way Perimeter Shot Creator,"6'3""",205,"6'10""",NA,9,1994-03-18,75,93,79,80,77,50,83,83,56,85,84,75,86,84,73,40,83,80,60,47,55
Kris Murray,Portland Trail Blazers,United States,24,SF,PF,Perimeter Defender,"6'8""",220,"7'0""",2990040,2,2000-08-19,73,75,70,72,73,75,68,73,60,90,80,60,69,60,59,60,66,56,53,58,56
Kristaps Porzingis,Boston Celtics,Latvia,8,C,PF,2-Way 3-Level Scoring Threat,"7'2""",240,"7'6""",29268293,10,1995-08-02,87,97,92,81,83,80,66,65,74,94,77,50,68,40,67,78,56,40,87,57,73
Kyle Anderson,Golden State Warriors,United States,1,PF,SF,Mid-Range Shot Creator,"6'9""",230,"7'3""",8780488,11,1993-09-20,76,88,86,60,69,60,66,80,62,85,83,78,81,79,70,60,79,59,62,45,58
Kyle Filipowski,Utah Jazz,United States,22,C,PF,Promising Prospect,"7'0""",248,"7'4""",NA,1,2003-11-07,70,72,70,73,68,50,77,57,62,85,80,60,69,60,56,60,55,47,62,57,66
Kyle Kuzma,Washington Wizards,United States,33,PF,C,Inside-Out Small Ball Four,"6'9""",221,"7'0""",23522727,8,1995-07-24,83,88,69,80,76,80,74,74,74,85,83,66,77,78,57,66,67,35,57,38,74
Kyle Lowry,Philadelphia 76ers,United States,7,PG,SG,3 & D Point,"6'0""",196,"6'2""",2087519,19,1986-03-25,76,90,85,83,83,70,84,84,67,96,79,75,79,80,69,60,80,55,51,36,52
Kyrie Irving,Dallas Mavericks,United States,11,SG,PG,Offensive Architect,"6'2""",195,"6'4""",41000000,14,1992-03-23,92,97,98,87,90,88,85,85,37,97,80,88,99,89,61,32,73,49,51,36,58
KyShawn George,Washington Wizards,Switzerland,18,SF,PF,Perimeter Shot Creator,"6'8""",196,"7'0""",2825520,1,2003-12-12,70,72,78,80,77,50,64,69,60,90,80,66,74,66,57,58,66,53,35,34,56
LaMelo Ball,Charlotte Hornets,United States,1,PG,SG,3-Level Scoring Playmaker,"6'7""",180,"6'10""",35147000,5,2001-08-22,87,86,78,83,86,85,84,84,50,93,82,93,88,93,68,45,70,83,37,46,61
Larry Nance Jr.,Atlanta Hawks,United States,22,C,PF,3-Level Scoring Threat,"6'8""",245,"7'2""",11205000,10,1993-01-01,76,93,74,79,70,70,65,61,69,88,83,69,64,70,71,74,61,76,55,66,74
Lauri Markkanen,Utah Jazz,Finland,23,SF,PF,3-Level Scoring Threat,"7'0""",240,"6'11""",42176400,8,1997-05-22,86,94,80,84,83,75,63,65,61,85,80,55,65,75,60,66,65,41,52,62,75
Leaky Black,Washington Wizards,United States,12,PF,SF,Inside-Out Scoring Threat,"6'6""",209,"7'0""",NA,2,1999-06-14,70,67,65,75,74,75,75,73,50,85,80,55,60,50,62,59,69,48,65,42,66
LeBron James,Los Angeles Lakers,United States,23,PF,PG,2-Way Inside-Out Point Four,"6'9""",250,"7'0""",48728845,22,1984-12-30,95,89,78,85,73,98,87,87,89,99,97,90,87,97,75,79,79,65,75,50,74
Leonard Miller,Minnesota Timberwolves,Canada,33,PF,SF,Interior Threat,"6'10""",210,"7'2""",1891857,2,2003-11-26,70,74,70,72,79,60,73,73,55,90,80,51,70,52,55,57,63,52,57,52,71
Lester Quiñones,Philadelphia 76ers,Dominican Republic,25,PG,SG,Catch & Shoot Threat,"6'4""",208,"6'8""",NA,3,2000-11-16,71,74,71,80,75,90,70,70,44,80,80,74,70,74,46,33,63,33,47,60,56
Lindy Waters III,Golden State Warriors,United States,43,SG,SF,Catch & Shoot Ace,"6'6""",210,"6'10""",2196970,5,1997-07-07,74,74,77,85,80,95,60,69,33,83,80,69,69,67,55,53,67,36,62,39,56
Lonnie Walker IV,Boston Celtics,United States,12,SG,SF,Inside-Out Shot Creator,"6'4""",204,"6'11""",NA,7,1998-12-14,74,76,72,82,76,65,89,89,64,85,82,70,78,67,56,55,74,46,57,32,57
Lonzo Ball,Chicago Bulls,United States,2,PG,NA,2-Way 3PT Playmaker,"6'6""",190,"6'9""",21395348,8,1997-10-27,79,55,65,84,79,50,85,86,52,93,80,88,86,89,77,60,84,80,62,41,62
Luguentz Dort,Oklahoma City Thunder,Canada,5,SF,PF,2-Way Inside-Out Shot Creator,"6'4""",220,"6'9""",16500000,6,1999-04-19,80,82,71,83,82,45,79,92,70,92,80,62,72,62,82,75,92,80,58,43,50
Luka Doncic,Dallas Mavericks,Slovenia,77,PG,SG,Offensive Architect,"6'7""",230,"6'11""",43031940,7,1999-02-28,97,97,88,88,83,98,84,84,72,98,85,98,95,98,67,66,74,53,52,68,85
Luka Garza,Minnesota Timberwolves,United States,55,C,NA,Rebounder,"6'10""",243,"7'2""",2162606,4,1998-12-27,74,93,70,71,79,55,40,40,69,80,80,55,35,55,42,54,30,32,42,96,51
Luke Kennard,Memphis Grizzlies,United States,10,SG,PG,Perimeter Shot Creator,"6'5""",206,"6'5""",14763636,8,1996-06-24,76,77,80,89,94,80,69,68,40,92,80,76,78,79,43,35,51,37,30,31,53
Luke Kornet,Boston Celtics,United States,40,C,NA,Paint Protector,"7'2""",250,"7'6""",2087519,8,1995-07-15,76,79,56,70,82,90,38,37,66,85,77,50,43,60,62,74,32,40,86,87,63
Malachi Flynn,San Antonio Spurs,United States,8,PG,NA,3-Level Threat,"6'1""",175,"6'3""",NA,5,1998-05-10,74,86,84,76,77,75,73,76,44,83,82,74,76,73,57,27,69,63,45,37,55
Malaki Branham,San Antonio Spurs,United States,22,SG,PG,Catch & Shoot Threat,"6'4""",180,"6'8""",3217920,3,2003-05-12,75,74,81,78,88,75,82,82,55,86,80,59,69,59,47,45,63,35,35,34,45
Malcolm Brogdon,Washington Wizards,United States,15,PG,SG,3-Level Scoring Playmaker,"6'4""",229,"6'11""",22500000,9,1992-12-11,80,78,74,86,77,70,77,80,56,93,84,89,86,92,63,65,77,40,40,38,57
Malcolm Hill,New Orleans Pelicans,United States,33,PF,SF,Stretch Four,"6'6""",220,"6'9""",NA,8,1995-10-26,68,61,72,80,80,60,65,65,47,80,73,60,68,57,47,45,55,46,51,53,56
Malik Beasley,Detroit Pistons,United States,5,SG,SF,Shot-Creating 3-Level Threat,"6'4""",187,"6'7""",6000000,9,1996-11-26,75,91,82,87,77,60,75,75,55,93,84,69,79,70,49,48,66,40,32,35,53
Malik Monk,Sacramento Kings,United States,0,SG,NA,Shot-Creating 3-Level Threat,"6'3""",200,"6'5""",17405203,8,1998-02-04,80,91,90,82,90,60,80,81,48,88,80,75,79,78,56,45,68,40,58,33,53
Marcus Sasser,Detroit Pistons,United States,25,PG,SG,Balanced Point,"6'2""",195,"6'7""",2755080,2,2000-09-21,74,90,83,81,87,75,75,83,47,85,80,74,80,74,56,35,70,46,45,29,48
Marcus Smart,Memphis Grizzlies,United States,36,PG,SG,2-Way Mid-Range Specialist,"6'3""",220,"6'9""",20210284,11,1994-03-06,80,95,90,74,81,65,75,93,73,89,83,75,74,75,82,74,91,96,45,30,45
MarJon Beauchamp,NA,United States,NA,SF,SG,Catch & Shoot Ace,"6'7""",199,"7'1""",NA,NA,2000-10-12,73,88,81,83,68,55,76,76,52,89,80,65,70,67,55,54,69,36,45,47,57
Mark Williams,Charlotte Hornets,United States,5,C,NA,Defensive Anchor,"7'0""",240,"7'7""",4094280,3,2001-12-16,80,84,60,36,75,60,65,64,80,85,80,44,35,52,64,79,44,43,74,92,85
Markieff Morris,Dallas Mavericks,United States,88,PF,C,Stretch Four,"6'9""",245,"6'11""",NA,14,1989-09-02,70,83,75,80,74,50,57,50,84,91,92,44,42,78,54,75,42,40,40,40,70
Marvin Bagley III,Washington Wizards,United States,35,C,PF,3-Level Scoring Board Hunter,"6'10""",235,"7'1""",12500000,7,1999-03-14,76,87,74,75,84,40,73,74,80,85,87,47,62,60,59,70,49,36,66,85,73
Mason Jones,Sacramento Kings,United States,8,SG,PG,3 & D Threat,"6'4""",200,"6'7""",NA,5,1998-07-21,69,71,84,80,65,70,64,74,46,80,80,62,71,60,51,54,69,40,25,34,73
Mason Plumlee,Phoenix Suns,United States,22,C,NA,Board-Hunting Lob Threat,"6'10""",254,"6'11""",2087519,12,1990-03-05,77,90,60,58,54,75,57,48,80,78,83,75,37,72,63,74,46,37,62,72,90
Matas Buzelis,Chicago Bulls,Lithuania,14,SF,PF,Interior Threat,"6'10""",209,"7'2""",5195520,1,2004-10-13,72,72,73,73,68,50,86,70,60,90,80,65,69,66,59,59,62,48,69,48,57
Matisse Thybulle,Portland Trail Blazers,United States,4,SF,SG,3 & D Wing,"6'5""",201,"7'0""",11025000,6,1997-03-04,74,79,48,78,68,50,76,89,59,85,80,55,65,35,83,60,89,98,70,35,46
Matt Ryan,New Orleans Pelicans,United States,37,SF,SG,Catch & Shoot Ace,"6'6""",215,"6'10""",NA,5,1997-04-17,71,77,65,88,90,60,55,64,54,89,79,65,67,68,45,42,64,35,32,34,47
Max Christie,Los Angeles Lakers,United States,10,SG,SF,3-Level Scoring Threat,"6'5""",190,"6'9""",7142857,3,2003-02-10,73,90,80,79,75,70,87,87,55,98,80,68,70,66,52,44,63,37,56,34,61
Max Strus,Cleveland Cavaliers,United States,1,SF,SG,Catch & Shoot Ace,"6'5""",215,"6'8""",15212068,6,1996-03-28,77,78,85,82,81,85,76,76,40,98,85,72,69,78,47,45,57,42,51,41,60
Maxi Kleber,Dallas Mavericks,Germany,42,PF,C,Stretch Four Paint  Protector,"6'10""",240,"6'11""",11000000,11,1992-01-29,74,71,70,78,71,60,45,77,79,85,80,70,64,68,71,80,78,36,70,43,61
Maxwell Lewis,Los Angeles Lakers,United States,20,SF,SG,3 & D Threat,"6'7""",195,"7'0""",1891857,2,2002-07-27,69,70,70,77,79,70,67,75,44,85,80,60,70,64,49,25,68,43,47,33,42
Micah Potter,Utah Jazz,United States,25,PF,C,Floor-Spacing Rebounder,"6'9""",248,"7'1""",NA,4,1998-04-06,68,66,70,78,80,60,43,43,70,80,81,54,42,55,46,52,37,37,68,55,74
Michael Porter Jr.,Denver Nuggets,United States,1,SF,PF,Score-First Wing,"6'10""",218,"7'0""",35859950,7,1998-06-29,83,92,96,87,75,70,80,81,68,88,66,65,78,62,55,60,64,35,57,48,74
Mikal Bridges,New York Knicks,United States,25,SF,SG,3 & D Wing,"6'6""",209,"7'1""",23300000,7,1996-08-30,84,85,76,82,86,75,80,89,68,92,84,78,82,88,71,69,88,42,47,37,55
Mike Conley,Minnesota Timberwolves,United States,10,PG,NA,2-Way 3PT Playmaker,"6'0""",175,"6'6""",9975962,18,1987-10-11,81,91,67,89,95,80,83,84,40,85,82,90,89,90,65,31,83,59,42,35,47
Miles Bridges,Charlotte Hornets,United States,0,PF,SF,Slashing Stretch Four,"6'7""",225,"6'10""",27173913,7,1998-03-21,81,82,73,78,86,80,75,76,73,88,85,69,76,74,55,60,59,40,51,40,75
Miles McBride,New York Knicks,United States,2,PG,SG,2-Way Sharpshooting Creator,"6'1""",195,"6'9""",4710144,4,2000-09-08,76,69,89,85,67,75,86,86,44,85,80,70,88,60,63,40,81,56,37,37,39
Mitchell Robinson,New York Knicks,United States,23,C,NA,Defensive Anchor,"7'0""",240,"7'2""",14318182,7,1998-04-01,80,75,68,32,37,85,48,65,84,85,80,70,40,54,74,83,49,73,81,97,69
Mo Bamba,Los Angeles Clippers,United States,4,C,NA,Defensive Anchor,"7'0""",231,"7'10""",2087519,7,1998-05-12,73,75,65,79,66,45,75,64,68,78,81,35,46,51,66,75,48,43,93,76,85
Monte Morris,Phoenix Suns,United States,23,PG,NA,Playmaking Sharpshooter,"6'2""",183,"6'4""",2087519,8,1995-06-27,75,76,90,82,83,60,83,83,41,85,81,94,86,94,52,44,62,59,56,33,53
Moritz Wagner,Orlando Magic,Germany,21,C,PF,3-Level Scoring Threat,"6'11""",245,"7'0""",11000000,7,1997-04-26,77,91,78,76,77,85,73,67,78,85,81,54,42,55,49,58,40,42,53,68,74
Moses Moody,Golden State Warriors,United States,4,SF,SG,2-Way 3-Level Shot Creator,"6'5""",211,"7'1""",5803269,4,2002-05-31,76,94,74,80,74,60,73,77,68,88,80,65,74,64,63,68,71,53,58,56,55
Mouhamed Gueye,Atlanta Hawks,Senegal,18,PF,C,Rebounder,"6'10""",210,"7'3""",1891857,2,2002-11-09,70,68,67,66,63,60,67,67,63,88,80,60,60,62,53,60,48,52,60,86,65
Moussa Diabate,Charlotte Hornets,France,26,C,PF,Interior Threat,"6'9""",210,"7'1""",NA,3,2002-01-21,69,65,68,67,61,50,73,73,60,80,80,42,40,52,58,65,41,53,75,87,52
Myles Turner,Indiana Pacers,United States,33,C,NA,2-Way 3-Level Scoring Threat,"6'11""",250,"7'4""",19928500,10,1996-03-24,84,94,93,82,77,70,56,66,80,95,83,31,35,68,75,86,70,36,86,56,82
Bones Hyland,Los Angeles Clippers,United States,5,PG,SG,Inside-Out Scoring Threat,"6'2""",169,"6'9""",4158439,4,2000-09-14,74,84,65,75,84,75,87,87,32,88,80,74,79,75,56,30,66,73,42,30,50
Naji Marshall,Dallas Mavericks,United States,13,PF,SF,Shot-Creating 3-Level Threat,"6'6""",220,"7'1""",8571429,5,1998-06-24,75,88,80,82,81,70,62,65,60,85,80,67,74,71,54,52,60,56,47,48,66
Nate Hinton,Houston Rockets,United States,16,SG,NA,Catch & Shoot Threat,"6'5""",210,"6'7""",NA,5,1999-06-08,67,60,70,76,76,60,80,80,57,80,80,60,66,62,49,40,62,36,56,57,60
Naz Reid,Minnesota Timberwolves,United States,11,C,PF,2-Way 3-Level Scoring Threat,"6'9""",264,"7'3""",13986432,6,1999-08-26,81,82,76,85,92,50,50,54,87,88,80,59,58,65,68,81,54,46,72,47,74
Neemias Queta,Boston Celtics,Portugal,88,C,NA,Board-Hunting Paint Protector,"7'0""",248,"7'4""",2162606,4,1999-07-13,71,80,57,40,71,50,59,59,76,80,80,52,38,62,59,70,45,46,77,90,65
Nick Richards,Charlotte Hornets,Jamaica,4,C,NA,Board-Hunting Lob Threat,"7'0""",245,"7'2""",5000000,5,1997-11-29,77,95,59,25,82,75,72,70,65,81,84,37,35,36,60,75,47,33,78,73,85
Nick Smith Jr.,Charlotte Hornets,United States,8,PG,SG,Inside-Out Scoring Threat,"6'2""",185,"6'8""",2587200,2,2004-04-18,72,83,57,84,74,80,84,84,48,89,80,70,79,72,46,33,63,33,47,38,46
Nickeil Alexander-Walker,Minnesota Timberwolves,Canada,9,SG,SF,2-Way 3-Level Shot Creator,"6'5""",205,"6'10""",4312500,6,1998-09-02,77,88,74,83,62,70,72,84,60,90,80,75,81,76,73,52,84,76,58,36,43
Nicolas Batum,Los Angeles Clippers,France,33,PF,SF,Stretch Four,"6'8""",230,"7'1""",4668000,17,1988-12-14,75,88,79,84,71,65,68,75,65,88,83,70,71,73,61,66,73,43,62,50,58
Nic Claxton,Brooklyn Nets,United States,33,C,NA,2-Way Inside-The-Arc Threat,"6'11""",215,"7'3""",27556817,6,1999-04-17,81,85,74,64,63,65,69,77,71,90,80,40,49,48,76,89,79,38,89,69,89
Nikola Jokic,Denver Nuggets,Serbia,15,C,NA,2-Way 3-Level Point Center,"6'11""",284,"7'3""",51415938,11,1995-02-19,97,99,94,80,79,85,63,62,96,97,83,93,76,98,73,83,61,59,61,78,96
Nikola Jovic,Miami Heat,Serbia,5,PF,C,Inside-Out Scoring Threat,"6'10""",240,"7'0""",2464200,3,2003-06-09,76,93,70,83,72,85,68,68,44,85,80,69,70,68,54,59,62,42,55,40,79
Nikola Topic,Oklahoma City Thunder,Serbia,44,PG,SG,Rim Attacker,"6'7""",200,"6'11""",4935960,1,2005-08-10,72,81,69,72,87,60,79,76,59,85,80,81,86,81,51,45,63,44,47,32,47
Nikola Vucevic,Chicago Bulls,Montenegro,9,C,NA,Inside The Arc Board Hunter,"6'10""",260,"7'5""",20000000,14,1990-10-24,81,98,81,71,86,60,62,49,89,95,77,82,35,82,56,74,41,37,63,67,87
Noah Clowney,Brooklyn Nets,United States,21,C,PF,Inside-Out Scoring Threat,"6'10""",210,"7'2""",3244080,2,2004-07-14,74,72,69,75,70,75,64,64,64,90,80,57,59,68,61,68,57,38,78,62,67
Norman Powell,Los Angeles Clippers,United States,24,SG,SF,Shot-Creating 3-Level Threat,"6'4""",215,"6'11""",19241379,10,1993-05-25,79,91,85,88,86,75,79,83,46,92,82,74,79,75,63,50,79,38,50,29,49
Obi Toppin,Indiana Pacers,United States,1,PF,NA,Inside-Out Scorer,"6'9""",220,"7'2""",12975000,5,1998-03-04,80,96,76,82,78,70,70,69,74,88,88,55,60,59,52,66,48,41,60,52,64
Ochai Agbaji,Toronto Raptors,United States,30,PF,SF,2-Way Inside-the-Arc Creator,"6'5""",215,"6'10""",4310280,3,2000-04-20,73,67,80,71,81,70,88,88,64,90,80,60,75,60,67,57,80,42,63,49,48
OG Anunoby,New York Knicks,United Kingdom,8,SF,PF,2-Way 3-Level Shot Creator,"6'7""",232,"7'2""",36637932,8,1997-07-17,84,72,91,82,68,70,81,91,68,85,81,58,72,52,84,81,90,85,58,40,51
Olivier-Maxence Prosper,Dallas Mavericks,Canada,18,PF,SF,Interior Threat,"6'7""",230,"7'1""",2870400,2,2002-07-03,72,71,68,71,65,50,79,81,60,88,80,65,60,61,57,67,74,30,45,65,69
Onuralp Bitim,Chicago Bulls,Turkey,17,SF,SG,Catch & Shoot Threat,"6'6""",215,"6'8""",1891857,4,1999-03-31,70,70,75,75,75,65,62,64,65,84,80,66,69,69,47,50,57,32,45,37,52
Onyeka Okongwu,Atlanta Hawks,United States,17,C,NA,3-Level Scoring Paint Beast,"6'10""",240,"7'2""",14000000,5,2000-12-11,80,97,88,76,85,70,74,74,70,88,83,51,54,50,67,79,64,35,77,83,71
Orlando Robinson,Sacramento Kings,United States,77,C,NA,Stretch Five,"6'10""",245,"7'4""",NA,3,2000-07-10,71,81,69,77,71,75,49,49,64,80,77,52,40,54,55,62,36,40,72,69,82
Oscar Tshiebwe,Utah Jazz,Congo,44,C,PF,Board-Hunting Paint Protector,"6'8""",255,"7'4""",NA,2,1999-11-27,69,70,69,37,70,45,75,67,69,80,80,42,40,55,55,69,48,31,72,80,80
Oso Ighodaro,Phoenix Suns,United States,4,PF,C,Interior Threat,"6'11""",225,"7'3""",NA,1,2002-07-14,68,74,52,35,62,40,86,74,64,85,80,59,60,59,56,62,47,53,64,63,56
Ousmane Dieng,Oklahoma City Thunder,France,13,PF,SF,Promising Prospect,"6'9""",185,"7'1""",5027040,3,2003-05-21,73,76,73,72,65,90,78,78,49,88,80,69,70,70,45,54,62,28,25,41,57
Pacome Dadiet,New York Knicks,France,35,SF,PF,Perimeter Shot Creator,"6'8""",210,"7'0""",1808080,1,2005-07-27,69,70,76,75,75,50,78,76,50,85,80,57,75,58,55,50,69,50,50,42,49
Paolo Banchero,Orlando Magic,United States,5,PF,SF,Shot-Creating 3-Level Threat,"6'10""",250,"7'1""",12160800,3,2002-11-12,89,88,86,81,68,85,80,80,77,90,80,74,76,78,58,68,66,41,56,65,76
Pascal Siakam,Indiana Pacers,Cameroon,43,PF,C,2-Way 3-Level Shot Creator,"6'8""",230,"7'3""",42176400,9,1994-04-02,88,98,85,80,74,85,76,78,70,95,82,72,79,79,72,86,79,38,50,65,80
Pat Connaughton,Milwaukee Bucks,United States,24,SG,SF,Inside-Out Shot Creator,"6'5""",209,"6'9""",9423869,10,1993-01-06,74,68,69,80,66,70,77,78,45,80,83,69,78,78,60,35,75,38,50,41,55
Pat Spencer,Golden State Warriors,United States,61,PG,SG,Perimeter Threat,"6'3""",205,"6'7""",NA,3,1996-07-04,68,69,78,79,80,60,75,75,54,85,84,75,73,75,45,44,55,42,45,45,60
Patrick Baldwin Jr.,Washington Wizards,United States,7,PF,SF,Stretch Four,"6'9""",220,"7'1""",2448840,3,2002-11-18,71,70,72,75,74,70,57,64,69,85,80,55,58,60,54,56,59,49,65,42,84
Patrick Williams,Chicago Bulls,United States,44,PF,NA,Stretch Four,"6'7""",215,"6'11""",18000000,5,2001-08-26,76,77,79,83,85,50,70,74,64,88,81,60,70,62,67,70,76,46,70,47,54
Patty Mills,Utah Jazz,Australia,88,PG,SG,Mid-Range Shot Creator,"6'2""",180,"6'2""",NA,16,1988-08-11,72,64,87,72,83,75,83,83,51,82,82,79,86,84,51,27,65,73,30,36,42
Paul George,Philadelphia 76ers,United States,8,SF,PF,2-Way Scoring Phenom,"6'8""",220,"6'11""",49205800,15,1990-05-02,89,94,87,85,93,75,79,87,70,95,93,78,87,75,77,79,87,66,52,33,64
Paul Reed,Detroit Pistons,United States,7,C,PF,3-Level Scoring Board Hunter,"6'9""",210,"7'2""",7723000,5,1999-06-14,75,83,79,76,75,60,49,52,62,80,80,48,52,44,60,69,43,63,83,86,78
Payton Pritchard,Boston Celtics,United States,11,PG,NA,Sharpshooter,"6'1""",195,"6'4""",6696429,5,1998-01-28,78,95,90,82,77,85,75,75,41,84,81,79,79,82,44,36,60,38,32,46,52
Pelle Larsson,Miami Heat,Sweden,9,SG,SF,Catch & Shoot Threat,"6'5""",215,"6'9""",NA,1,2001-02-23,68,72,74,78,76,50,87,80,55,85,80,52,62,65,54,52,65,52,42,37,52
Pete Nance,Cleveland Cavaliers,United States,8,PF,C,Rebounder,"6'10""",230,"7'2""",NA,2,2000-02-19,67,73,70,73,76,50,63,57,69,85,83,47,52,50,54,60,48,50,61,64,70
Peyton Watson,Denver Nuggets,United States,8,PF,SF,Rim Protector,"6'7""",200,"6'11""",2413560,3,2002-09-11,75,86,80,75,66,85,77,77,55,88,80,60,70,62,63,59,68,42,85,46,62
P.J. Dozier,Minnesota Timberwolves,United States,35,SF,SG,Perimeter Defender,"6'6""",205,"6'11""",2087519,8,1996-10-25,71,70,70,74,64,60,83,76,40,80,81,68,76,69,59,48,74,63,55,44,60
P.J. Tucker,Los Angeles Clippers,United States,17,PF,C,2-Way Stretch Four,"6'5""",245,"6'11""",11539000,19,1985-05-05,71,88,74,78,83,40,63,80,82,88,91,70,65,69,69,77,80,46,52,58,57
P.J. Washington,Dallas Mavericks,United States,25,PF,C,3-Level Scoring Threat,"6'7""",230,"7'3""",15500000,6,1998-08-23,79,88,79,75,72,80,75,75,68,85,79,55,70,60,56,62,52,46,63,46,67
Precious Achiuwa,New York Knicks,Nigeria,5,PF,C,Defensive Anchor,"6'8""",225,"7'1""",NA,5,1999-09-19,76,66,60,67,61,60,75,74,78,84,76,36,49,50,68,79,56,42,78,85,77
Quentin Grimes,Dallas Mavericks,United States,5,SG,SF,3 & D Two Guard,"6'5""",210,"6'8""",4296682,4,2000-05-08,74,72,68,79,80,75,86,86,63,85,80,70,74,65,64,46,83,46,32,33,47
Quenton Jackson,Indiana Pacers,United States,29,SG,PG,Rim Attacker,"6'5""",173,"6'9""",NA,3,1998-09-15,67,70,68,72,77,50,85,85,42,80,79,70,71,60,59,46,73,42,40,33,36
Rayan Rupert,Portland Trail Blazers,France,21,SG,SF,3 & D Threat,"6'6""",185,"7'2""",1891857,2,2004-05-31,70,66,63,79,74,80,67,72,52,88,80,68,72,68,57,53,70,36,35,45,57
Reed Sheppard,Houston Rockets,United States,15,PG,SG,3 & D Point,"6'3""",180,"6'7""",10098960,1,2004-06-24,73,70,79,84,83,60,90,89,56,93,80,76,76,75,66,54,78,78,37,35,42
Reggie Jackson,Philadelphia 76ers,United States,00,PG,SG,Perimeter Shot Creator,"6'2""",208,"7'0""",2087519,14,1990-04-16,74,85,77,79,72,60,84,84,48,95,84,82,86,75,60,49,74,40,40,35,42
Richaun Holmes,Washington Wizards,United States,22,C,NA,Board-Hunting Lob Threat,"6'8""",235,"7'2""",12648321,10,1993-10-15,74,80,70,62,67,35,57,56,82,80,82,42,58,54,56,75,40,36,68,88,80
Ricky Council IV,Philadelphia 76ers,United States,14,SF,SG,Catch & Shoot Threat,"6'6""",207,"6'9""",1891857,2,2001-08-03,73,80,75,76,79,70,74,70,60,85,80,67,68,54,49,52,60,42,32,51,56
R.J. Barrett,Toronto Raptors,Canada,9,SF,SG,2-Way Inside-Out Slasher,"6'6""",214,"6'10""",25794643,6,2000-07-14,81,83,52,80,85,70,84,84,76,95,80,79,83,84,65,58,82,35,51,40,66
Rob Dillingham,Minnesota Timberwolves,United States,4,PG,SG,Shot-Creating Perimeter Threat,"6'2""",160,"6'6""",6262920,1,2005-01-04,72,78,81,80,80,60,91,86,39,90,80,69,90,68,49,34,63,48,32,33,42
Robert Williams III,Portland Trail Blazers,United States,35,C,PF,Paint Beast,"6'9""",237,"7'6""",12428571,7,1997-10-17,80,96,69,25,61,60,71,64,83,80,81,57,48,62,79,86,40,80,86,69,89
Ronald Holland II,Detroit Pistons,United States,00,SF,PF,Rim Attacker,"6'8""",206,"7'0""",8245320,1,2005-07-07,72,73,70,70,75,55,85,86,59,90,80,60,75,60,57,65,70,38,37,40,47
Royce O’Neale,Phoenix Suns,United States,00,SF,PF,Versatile Stopper,"6'6""",226,"6'10""",9375000,10,1993-06-05,75,75,67,79,68,75,62,83,67,80,82,60,68,63,68,68,80,43,60,41,69
Rudy Gobert,Minnesota Timberwolves,France,27,C,NA,Defensive Anchor,"7'1""",258,"7'9""",43827586,12,1992-06-26,85,81,54,25,61,70,48,65,87,90,81,68,35,58,78,95,64,37,86,85,91
Rui Hachimura,Los Angeles Lakers,Japan,28,SF,PF,Shot-Creating 3-Level Threat,"6'8""",230,"7'2""",17000000,6,1998-02-08,79,81,90,82,77,70,72,74,79,90,80,51,72,54,50,60,54,38,51,43,60
Russell Westbrook,Denver Nuggets,United States,4,PG,NA,Rim Protector,"6'4""",200,"6'8""",4027525,17,1988-11-12,77,70,70,68,61,55,89,89,75,92,92,80,86,82,62,42,74,73,53,60,69
Ryan Dunn,Phoenix Suns,United States,0,SF,PF,Versatile Stopper,"6'8""",208,"7'0""",2530800,1,2003-01-07,70,70,45,68,53,30,83,90,65,88,80,60,69,55,78,76,80,72,79,54,60
Ryan Rollins,Milwaukee Bucks,United States,13,PG,SG,Mid-Range Scoring Threat,"6'3""",180,"6'10""",600000,3,2002-07-03,71,71,76,73,79,60,86,86,39,85,80,70,78,70,52,43,60,56,51,46,47
Saddiq Bey,Washington Wizards,United States,14,SF,PF,Perimeter Defender,"6'7""",215,"6'11""",6440678,5,1999-04-09,77,71,71,74,80,75,63,79,69,87,81,64,76,75,62,64,75,40,37,66,59
Sam Hauser,Boston Celtics,United States,30,SF,PF,Catch & Shoot Ace,"6'7""",217,"6'9""",2092344,4,1997-12-08,75,77,84,87,89,70,61,62,66,85,80,50,43,60,48,48,55,38,52,39,60
Sam Merrill,Cleveland Cavaliers,United States,5,SG,PG,Perimeter Shot Creator,"6'4""",205,"6'5""",2164993,5,1996-05-15,74,70,81,86,89,75,62,64,44,80,79,74,76,79,47,42,60,36,32,36,50
Sandro Mamukelashvili,San Antonio Spurs,Georgia,54,PF,C,Board Hunter,"6'9""",240,"7'1""",NA,4,1999-05-23,73,85,69,72,68,60,59,59,73,85,80,62,59,69,54,65,50,33,62,73,85
Santi Aldama,Memphis Grizzlies,Spain,7,PF,SF,Stretch Four,"7'0""",215,"6'11""",3960531,4,2001-01-10,75,82,76,78,61,70,59,60,70,80,79,60,42,50,61,65,63,41,71,48,75
Scoot Henderson,Portland Trail Blazers,United States,00,PG,SG,3-Level Slasher,"6'3""",195,"6'9""",10259160,2,2004-02-03,78,72,77,76,77,65,95,89,53,95,80,79,86,77,53,41,66,41,42,41,48
Scottie Barnes,Toronto Raptors,United States,4,PF,SF,2-Way 3-Level Shot Creator,"6'7""",225,"7'3""",10130980,4,2001-08-01,85,83,88,79,73,80,82,82,74,88,80,77,79,80,75,80,80,49,76,60,71
Scotty Pippen Jr.,Memphis Grizzlies,United States,1,PG,NA,Perimeter Threat,"6'1""",170,"6'5""",NA,3,2000-11-10,74,80,78,82,75,85,82,82,39,82,80,79,79,79,57,31,62,90,57,47,49
Seth Curry,Charlotte Hornets,United States,30,SG,PG,Inside-Out Shot Creator,"6'1""",185,"6'4""",2087519,12,1990-08-23,73,86,73,80,93,70,78,78,41,89,80,75,78,75,47,25,57,59,42,42,48
Seth Lundy,Atlanta Hawks,United States,3,SF,SG,Mid-Range Scoring Threat,"6'4""",220,"6'10""",NA,2,2000-04-02,68,72,76,70,82,50,85,77,55,85,80,62,67,60,51,44,65,57,40,54,59
Shaedon Sharpe,Portland Trail Blazers,Canada,17,SG,SF,High Flyer,"6'5""",200,"7'0""",6614160,3,2003-05-30,79,75,82,78,82,80,89,89,50,94,80,67,83,67,56,49,69,40,50,44,59
Shai Gilgeous-Alexander,Oklahoma City Thunder,Canada,2,PG,SG,All-Around Star,"6'6""",195,"7'0""",35859950,7,1998-07-12,96,98,95,82,92,98,86,86,60,97,80,97,94,98,84,68,88,95,66,48,68
Shake Milton,Brooklyn Nets,United States,7,PG,SG,Mid-Range Specialist,"6'5""",205,"7'1""",2875000,7,1996-09-26,72,62,92,70,83,70,77,79,38,88,83,79,84,79,48,30,65,53,42,34,50
Sidy Cissoko,San Antonio Spurs,France,25,SF,PF,Ball Hawk,"6'6""",200,"6'10""",1891857,2,2004-04-02,70,66,67,60,65,60,74,75,58,89,80,61,68,60,61,59,66,73,57,55,52
Simone Fontecchio,Detroit Pistons,Italy,19,SF,PF,Catch & Shoot Ace,"6'7""",209,"6'11""",7692308,8,1995-12-09,76,93,87,84,87,75,55,66,62,80,80,55,58,60,52,51,65,41,51,46,55
Spencer Dinwiddie,Dallas Mavericks,United States,26,PG,SG,Playmaking Inside-Out Threat,"6'5""",215,"6'8""",NA,11,1993-04-06,74,83,52,77,79,50,82,82,45,95,77,88,88,90,57,42,74,40,47,32,47
Stanley Umude,Milwaukee Bucks,United States,17,SF,SG,3 & D Threat,"6'6""",210,"6'10""",NA,3,1999-04-12,70,73,70,79,91,55,67,68,52,85,82,68,68,68,57,52,67,41,60,39,65
Stephen Curry,Golden State Warriors,United States,30,PG,SG,Offensive Architect,"6'2""",185,"6'4""",55761216,16,1988-03-14,95,97,90,99,93,80,84,84,48,98,86,93,97,97,60,30,75,38,50,33,57
Stephon Castle,San Antonio Spurs,United States,5,SG,PG,Defensive Menace,"6'7""",205,"6'11""",9105120,1,2004-11-01,73,79,73,71,76,55,82,93,59,90,80,73,78,72,73,66,84,75,57,42,52
Steven Adams,Houston Rockets,New Zealand,12,C,NA,Defensive Anchor,"6'11""",265,"7'5""",12600000,12,1993-07-20,79,94,65,26,36,50,48,63,81,88,82,69,35,68,71,82,55,43,76,97,86
Svi Mykhailiuk,Utah Jazz,Ukraine,19,SG,SF,Catch & Shoot Ace,"6'7""",205,"6'5""",NA,7,1997-06-10,72,86,80,82,67,70,82,82,54,81,79,69,64,64,42,37,55,41,30,40,50
Taj Gibson,Charlotte Hornets,United States,67,C,NA,Inside the Arc Threat,"6'9""",232,"7'4""",2087519,16,1985-06-24,71,83,82,50,71,50,49,57,83,75,83,33,35,54,62,69,58,43,61,63,60
Talen Horton-Tucker,Chicago Bulls,United States,11,SG,SF,Inside-Out Combo Guard,"6'4""",234,"7'1""",NA,6,2000-11-25,75,78,42,76,80,90,70,78,69,85,80,84,82,84,61,44,74,66,56,36,52
Tari Eason,Houston Rockets,United States,17,PF,SF,3-Level Scoring Threat,"6'8""",215,"7'2""",3695160,3,2001-05-10,79,78,89,80,63,80,80,80,70,85,80,50,70,47,70,65,71,90,76,73,76
Taurean Prince,Milwaukee Bucks,United States,12,SF,PF,Catch & Shoot Ace,"6'6""",218,"7'0""",2087519,9,1994-03-22,75,88,69,83,70,75,80,78,60,84,81,68,70,55,63,64,74,41,53,31,51
Taylor Hendricks,Utah Jazz,United States,0,PF,SF,3-Level Scoring Threat,"6'9""",215,"7'1""",5848680,2,2003-11-22,76,88,75,81,80,75,72,75,62,92,80,55,69,62,63,68,68,46,71,55,69
Terance Mann,Los Angeles Clippers,United States,14,SG,SF,Inside-Out Shot Creator,"6'5""",215,"6'8""",11423077,6,1996-10-18,76,91,63,78,68,80,71,73,50,85,80,79,79,83,53,54,66,38,42,52,49
Terrence Shannon Jr.,Minnesota Timberwolves,United States,00,SG,SF,Shot-Creating 3-Level Threat,"6'6""",215,"6'8""",2546640,1,2000-07-30,71,80,76,75,80,50,89,87,58,90,80,68,79,68,55,49,72,54,42,37,47
Terry Rozier III,Miami Heat,United States,2,PG,SG,3-Level Scoring Playmaker,"6'1""",190,"6'8""",24924126,10,1994-03-17,80,93,90,80,86,50,82,82,62,98,82,84,88,89,57,55,75,43,50,34,55
Thomas Bryant,Miami Heat,United States,31,C,NA,Board-Hunting Lob Threat,"6'10""",255,"7'6""",2087519,8,1997-07-31,71,93,69,65,82,25,62,57,80,88,82,40,53,42,56,63,40,38,74,71,87
Tidjane Salaun,Charlotte Hornets,France,31,PF,SF,Interior Threat,"6'10""",203,"7'2""",7488720,1,2005-08-10,71,73,72,72,73,60,71,82,60,88,80,47,66,45,59,69,72,59,40,52,57
Tim Hardaway Jr.,Detroit Pistons,United States,8,SG,SF,Shot-Creating 3-Level Threat,"6'5""",205,"6'7""",16193183,12,1992-03-16,76,76,82,79,88,75,68,75,55,85,83,75,78,84,49,45,70,37,30,30,54
T.J. McConnell,Indiana Pacers,United States,9,PG,NA,2-Way Perimeter Playmaker,"6'1""",190,"6'2""",9300000,10,1992-03-25,79,97,90,79,74,85,76,82,44,85,83,88,79,86,69,49,82,80,37,41,60
Tobias Harris,Detroit Pistons,United States,12,PF,SF,Balanced Offensive Four,"6'8""",226,"6'11""",25365854,14,1992-07-15,80,89,85,80,90,60,75,67,73,97,82,77,79,78,58,59,58,43,57,43,69
Torrey Craig,Chicago Bulls,United States,13,PF,SF,Stretch Four,"6'5""",221,"6'11""",2845342,11,1990-12-19,74,80,54,83,78,95,63,80,49,80,80,52,69,50,69,74,79,42,61,61,66
Tosan Evbuomwan,Detroit Pistons,United Kingdom,18,PF,SF,Skilled Stretch,"6'7""",217,"6'11""",NA,2,2001-02-16,70,84,72,79,80,60,64,60,58,88,85,69,75,69,50,57,57,35,51,60,58
Toumani Camara,Portland Trail Blazers,Belgium,33,PF,SF,Stretch Four,"6'7""",220,"7'1""",1891857,2,2000-05-08,74,75,67,77,68,70,63,61,65,80,80,58,65,57,60,60,60,56,56,66,61
Trae Young,Atlanta Hawks,United States,11,PG,NA,Offense-Heavy Point,"6'1""",164,"6'3""",43031940,7,1998-09-19,89,92,86,83,89,85,84,84,50,95,86,82,96,97,48,31,55,56,37,31,43
Trayce Jackson-Davis,Golden State Warriors,United States,32,C,PF,Board-Hunting Lob Threat,"6'9""",245,"7'0""",1891857,2,2000-02-22,76,94,70,44,63,60,79,79,63,85,80,62,66,64,59,63,58,40,88,85,74
Tre Jones,San Antonio Spurs,United States,33,PG,NA,Playmaking Inside-Out Threat,"6'1""",185,"6'4""",9104167,5,2000-01-08,78,91,70,76,84,75,80,80,60,85,81,85,84,85,57,34,75,49,32,39,54
Tre Mann,Charlotte Hornets,United States,23,SG,PG,Shot-Creating 3-Level Threat,"6'3""",178,"6'4""",4908373,4,2001-02-03,76,87,80,82,76,70,74,74,53,88,80,80,83,78,55,49,66,76,32,36,63
Trendon Watford,Brooklyn Nets,United States,9,PF,C,Inside-Out Scoring Threat,"6'8""",237,"7'2""",2726603,4,2000-11-09,74,94,68,80,82,60,63,63,79,85,80,59,50,62,52,66,52,41,60,57,72
Trevelin Queen,Orlando Magic,United States,12,SG,NA,Ball Hawk,"6'5""",190,"6'8""",NA,5,1997-02-25,67,67,68,65,73,70,70,70,49,80,83,65,70,62,55,40,60,83,63,54,64
Trey Jemison III,New Orleans Pelicans,United States,55,C,NA,Paint Protector,"6'10""",260,"7'2""",NA,2,1999-11-28,72,80,50,29,68,75,55,52,76,90,82,44,40,45,59,71,37,37,82,78,61
Trey Lyles,Sacramento Kings,Canada,41,PF,C,Stretch Four,"6'9""",234,"7'2""",8000000,10,1995-11-05,75,83,75,82,65,75,66,59,69,81,84,55,58,68,51,68,36,33,55,53,74
Trey Murphy III,New Orleans Pelicans,United States,25,SF,PF,3 & D Wing,"6'8""",206,"7'0""",5159854,4,2000-06-18,80,87,63,82,83,70,84,84,60,85,80,59,50,64,61,69,69,43,56,38,65
Tristan da Silva,Orlando Magic,Germany,23,PF,C,Stretch Four,"6'9""",229,"7'1""",3628440,1,2001-05-15,70,77,76,80,82,55,85,67,62,90,80,64,69,68,53,64,64,33,44,37,52
Tristan Thompson,Cleveland Cavaliers,Canada,13,C,NA,Board-Hunting Lob Threat,"6'9""",254,"7'1""",NA,14,1991-03-13,70,92,67,62,38,25,63,64,74,80,90,31,39,70,58,75,54,38,62,91,75
Tristan Vukcevic,Washington Wizards,Serbia,00,C,PF,Rim Protector,"6'10""",220,"7'3""",NA,2,2003-03-11,70,78,71,72,81,55,57,55,72,89,80,45,51,55,52,59,44,43,76,45,80
Tristen Newton,Indiana Pacers,United States,4,PG,SG,Steady Playmaker,"6'5""",190,"6'9""",NA,1,2001-04-26,68,70,69,73,81,55,76,81,49,88,80,75,79,74,53,49,64,58,42,52,58
Ty Jerome,Cleveland Cavaliers,United States,2,PG,SG,Playmaking Sharpshooter,"6'5""",195,"6'4""",2560975,6,1997-07-08,72,96,87,82,92,55,69,73,56,85,80,84,86,84,52,40,66,41,37,30,48
Tyler Herro,Miami Heat,United States,14,SG,PG,Inside-Out Shot Creator,"6'5""",205,"6'3""",29000000,6,2000-01-20,83,93,80,83,88,70,79,78,59,85,80,79,83,84,51,46,69,38,30,32,67
Tyler Kolek,New York Knicks,United States,13,PG,SG,Perimeter Threat,"6'3""",190,"6'7""",NA,1,2001-03-27,70,79,79,79,83,50,74,84,54,90,80,80,86,80,53,32,73,66,35,35,45
Tyler Smith,Milwaukee Bucks,United States,15,PF,SF,3-Level Scoring Threat,"6'11""",224,"6'10""",1157153,1,2004-11-02,69,72,75,76,73,60,72,69,58,85,80,39,57,58,48,53,52,35,59,47,60
Tyrese Haliburton,Indiana Pacers,United States,0,PG,SG,Offensive Architect,"6'5""",185,"6'8""",42176400,5,2000-02-29,90,97,97,82,88,80,83,83,59,95,80,98,92,98,68,60,77,53,56,34,55
Tyrese Maxey,Philadelphia 76ers,United States,0,PG,SG,Offensive Architect,"6'2""",200,"6'7""",35147000,5,2001-11-04,89,82,86,85,89,85,90,90,44,98,77,85,89,89,61,52,79,41,51,32,48
TyTy Washington,Phoenix Suns,United States,14,PG,NA,Mid-Range Shot Creator,"6'3""",195,"6'7""",NA,3,2001-11-15,71,78,77,70,75,75,80,80,54,95,80,68,86,69,54,55,66,49,37,27,52
Tyus Jones,Phoenix Suns,United States,21,PG,NA,3-Level Scoring Playmaker,"6'1""",196,"6'5""",NA,10,1996-05-10,78,95,93,85,77,65,71,71,34,92,84,84,86,88,54,30,67,49,45,30,47
Ulrich Chomche,Toronto Raptors,Cameroon,16,C,PF,Rebounder,"6'11""",220,"7'3""",NA,1,2005-12-30,68,62,59,58,50,40,84,74,68,85,80,52,59,65,57,64,44,53,74,69,68
Vasilije Micic,Charlotte Hornets,Serbia,22,PG,SG,Playmaking Middy Specialist,"6'3""",203,"6'7""",7723000,11,1994-01-13,75,68,87,69,87,70,75,75,44,88,82,84,86,84,47,35,63,41,40,31,42
Victor Wembanyama,San Antonio Spurs,France,1,C,PF,Versatile Enforcer,"7'4""",210,"8'0""",12768960,2,2004-01-04,91,86,71,78,82,90,66,66,57,94,88,72,70,75,85,95,76,59,99,69,92
Vince Williams Jr.,Memphis Grizzlies,United States,5,SF,SG,3 & D Wing,"6'4""",205,"6'8""",2120693,3,2000-08-30,77,82,60,81,78,75,68,82,52,87,80,69,70,65,69,55,80,46,62,46,71
Vit Krejci,Atlanta Hawks,Czech Republic,27,SF,SG,Catch & Shoot Threat,"6'8""",195,"7'0""",2162606,5,1998-01-12,70,70,64,80,54,50,75,75,40,80,80,69,70,70,51,50,60,40,50,35,46
Vlatko Cancar,Denver Nuggets,Slovenia,31,PF,SF,Stretch Four,"6'8""",236,"6'11""",2087519,8,1997-04-10,72,88,70,82,92,60,60,74,63,80,87,52,64,54,59,48,73,40,53,41,58
Walker Kessler,Utah Jazz,United States,24,C,NA,Paint Beast,"7'0""",245,"7'4""",2965920,3,2001-07-26,79,95,68,60,54,70,37,52,74,88,80,42,44,48,74,86,65,37,97,81,83
Wendell Carter Jr.,Orlando Magic,United States,34,C,NA,3-Level Scoring Threat,"6'10""",270,"7'5""",11950000,7,1999-04-16,80,81,82,81,72,65,68,55,82,85,81,56,50,70,63,78,47,40,58,68,82
Wendell Moore Jr.,Detroit Pistons,United States,14,SG,SF,Inside-Out Scoring Threat,"6'5""",215,"6'9""",2537040,3,2001-09-18,70,66,70,76,81,60,70,82,58,85,80,57,67,54,69,66,72,76,67,40,50
Xavier Tillman,Boston Celtics,United States,26,C,NA,Versatile Defender,"6'7""",245,"7'2""",2237691,5,1998-01-12,74,82,63,62,45,65,46,67,72,82,80,62,61,68,78,78,66,80,81,63,66
Yves Missi,New Orleans Pelicans,Cameroon,21,C,PF,Interior Threat,"7'0""",210,"7'4""",3193200,1,2004-05-14,70,67,42,30,59,60,78,67,67,80,80,29,35,37,59,78,48,40,69,65,65
Zaccharie Risacher,Atlanta Hawks,France,10,SF,SG,3 & D Threat,"6'10""",204,"7'2""",12569040,1,2005-04-08,75,69,72,76,72,65,70,82,56,91,80,72,79,70,70,57,79,59,59,42,51
Zach Collins,San Antonio Spurs,United States,23,C,NA,3-Level Scoring Threat,"6'11""",250,"7'1""",16741200,8,1997-11-19,78,90,70,75,81,80,66,65,60,78,80,30,40,30,58,68,45,38,67,65,70
Zach Edey,Memphis Grizzlies,Canada,14,C,NA,Interior Threat,"7'5""",305,"7'11""",5756880,1,2002-05-14,72,84,60,40,71,60,46,31,75,88,80,58,39,63,57,73,37,33,72,69,75
Zach LaVine,Chicago Bulls,United States,8,SG,SF,Mid-Range Slasher,"6'5""",200,"6'8""",43031940,11,1995-03-10,83,85,90,81,87,65,84,84,49,98,83,79,88,88,59,62,69,41,42,30,64
Zeke Nnaji,Denver Nuggets,United States,22,C,PF,Mid-Range Scoring Threat,"6'9""",240,"7'2""",8888889,5,2001-01-09,72,70,76,69,62,65,77,77,70,80,83,33,37,42,56,69,54,41,87,80,55
Ziaire Williams,Brooklyn Nets,United States,1,SF,SG,Rim Attacker,"6'9""",185,"6'10""",6133005,4,2001-09-12,73,56,66,73,77,40,87,87,40,90,80,50,79,54,62,60,73,41,52,43,67
Zion Williamson,New Orleans Pelicans,United States,1,PF,C,Slashing Shot Creator,"6'6""",284,"6'10""",36725670,6,2000-07-06,88,84,79,73,64,80,85,85,92,83,60,65,78,72,57,59,55,49,61,56,61
